signal,seg,h,n,ep,mean,med,hit,base_mean,base_hit,edge,p_shift,mae
comm_short|z4>=2.0,ALL,4,12,5.0,0.03635413122894057,0.00740980095757604,0.6666666666666666,0.01262554843983999,0.5970149253731343,0.02372858278910058,0.1156,-0.000539788972893529
comm_short|z4>=2.0,ALL,8,12,5.0,0.024806284870932633,-0.006091615526486571,0.4166666666666667,0.026672622775896472,0.6102719033232629,-0.0018663379049638391,0.4852,-0.00723766364476458
comm_short|z4>=2.0,ALL,13,12,5.0,0.032801978470837746,0.0125490921391187,0.5,0.045571562169968736,0.6779141104294478,-0.01276958369913099,0.582,-0.018811196266471413
comm_short|z4>=2.0,ALL,26,12,5.0,0.05022739738799189,-0.013530677227780175,0.5,0.09718082370740687,0.7635782747603834,-0.04695342631941498,0.7116,-0.03518115252532295
comm_short|z4>=2.0,2023+,4,8,3.0,0.0685706848084312,0.06718551303932274,1.0,0.01849698735368388,0.6424581005586593,0.050073697454747323,0.0288,0.016084796696995654
comm_short|z4>=2.0,2023+,8,8,3.0,0.054808025806548116,0.06701133698712969,0.625,0.04127644240856628,0.68,0.013531583397981835,0.2346,0.009997314673733923
comm_short|z4>=2.0,2023+,13,8,3.0,0.060746807406017164,0.05699942309297634,0.625,0.07129724925888474,0.8058823529411765,-0.010550441852867576,0.3992,0.0024681755627439655
comm_short|z4>=2.0,2023+,26,8,3.0,0.11207787333296014,0.18806578566397603,0.625,0.16260157757521554,0.9235668789808917,-0.0505237042422554,0.4414,-0.008895525727164663
comm_short|z4>=2.0,2020-22,4,4,2.0,-0.02807897593004069,-0.02451516841258644,0.0,0.00588844866049347,0.5448717948717948,-0.03396742459053416,0.8964,-0.033788960312671895
comm_short|z4>=2.0,2020-22,8,4,2.0,-0.03519719700029833,-0.03686192194099963,0.0,0.010290132803350205,0.532051282051282,-0.04548732980364854,0.912,-0.04170762028176159
comm_short|z4>=2.0,2020-22,13,4,2.0,-0.023087679399521083,-0.030064211817146247,0.25,0.0175371595730731,0.5384615384615384,-0.04062483897259418,0.8716,-0.06136993992490217
comm_short|z4>=2.0,2020-22,26,4,2.0,-0.07347355450194462,-0.07935781308685319,0.25,0.03134070603275328,0.6025641025641025,-0.1048142605346979,0.9781308025582834,-0.08775240612163954
comm_short|z4>=1.5,ALL,4,26,11.0,0.017846094158451255,0.00740980095757604,0.6538461538461539,0.01262554843983999,0.5970149253731343,0.005220545718611266,0.281,-0.008182740215779308
comm_short|z4>=1.5,ALL,8,26,11.0,0.01983701305693726,-0.006091615526486571,0.46153846153846156,0.026672622775896472,0.6102719033232629,-0.006835609718959211,0.5868,-0.01691994238277749
comm_short|z4>=1.5,ALL,13,26,11.0,0.03309203171767881,0.0009715125603203534,0.5,0.045571562169968736,0.6779141104294478,-0.012479530452289923,0.6754,-0.02314765908518292
comm_short|z4>=1.5,ALL,26,26,11.0,0.0676994192768248,0.01498657332586295,0.5769230769230769,0.09718082370740687,0.7635782747603834,-0.029481404430582073,0.7768,-0.036058740530727544
comm_short|z4>=1.5,2023+,4,14,6.0,0.04967506367348316,0.0367245725908254,0.9285714285714286,0.01849698735368388,0.6424581005586593,0.031178076319799276,0.0284,0.00854969236023587
comm_short|z4>=1.5,2023+,8,14,6.0,0.05567667981740136,0.06728509347915368,0.7142857142857143,0.04127644240856628,0.68,0.01440023740883508,0.1574,0.003783975817490689
comm_short|z4>=1.5,2023+,13,14,6.0,0.0792076295391909,0.058145735778549645,0.7142857142857143,0.07129724925888474,0.8058823529411765,0.007910380280306162,0.2054,-0.0017937850500920893
comm_short|z4>=1.5,2023+,26,14,6.0,0.1495795959531662,0.18806578566397603,0.7142857142857143,0.16260157757521554,0.9235668789808917,-0.013021981622049345,0.2812,-0.01110574280617078
comm_short|z4>=1.5,2020-22,4,12,5.0,-0.019287703609085955,-0.02136507768006407,0.3333333333333333,0.00588844866049347,0.5448717948717948,-0.025176152269579425,0.955,-0.027703911554463685
comm_short|z4>=1.5,2020-22,8,12,5.0,-0.021975931496937523,-0.03686192194099963,0.16666666666666666,0.010290132803350205,0.532051282051282,-0.03226606430028773,0.9586,-0.0410745136164237
comm_short|z4>=1.5,2020-22,13,12,5.0,-0.020709499074085296,-0.03395434271006975,0.25,0.0175371595730731,0.5384615384615384,-0.0382466586471584,0.9388,-0.04806051212612222
comm_short|z4>=1.5,2020-22,26,12,5.0,-0.02782745351224018,-0.02370717361527358,0.4166666666666667,0.03134070603275328,0.6025641025641025,-0.059168159544993465,0.9532,-0.0651705712093771
comm_short|z1>=2.0,ALL,4,9,8.0,0.02042945387065456,0.02406094907394185,0.6666666666666666,0.01262554843983999,0.5970149253731343,0.00780390543081457,0.311,-0.010039153411405537
comm_short|z1>=2.0,ALL,8,9,8.0,0.033449719357680596,0.02335099780149652,0.7777777777777778,0.026672622775896472,0.6102719033232629,0.006777096581784124,0.3748,-0.012186690376242352
comm_short|z1>=2.0,ALL,13,9,8.0,0.042438467548619116,0.006271467812613674,0.5555555555555556,0.045571562169968736,0.6779141104294478,-0.0031330946213496205,0.539,-0.02383096793145096
comm_short|z1>=2.0,ALL,26,9,8.0,0.058645431614313986,0.12607590717826933,0.5555555555555556,0.09718082370740687,0.7635782747603834,-0.03853539209309288,0.6698,-0.039015583714671766
comm_short|z1>=2.0,2023+,4,5,5.0,0.0373106454168638,0.04464441944756903,0.8,0.01849698735368388,0.6424581005586593,0.018813658063179917,0.137,-0.006689878894513046
comm_short|z1>=2.0,2023+,8,5,5.0,0.053906673432487694,0.056514654242500795,1.0,0.04127644240856628,0.68,0.012630231023921412,0.2066,-0.006689878894513046
comm_short|z1>=2.0,2023+,13,5,5.0,0.081691315068334,0.05270937091184491,0.8,0.07129724925888474,0.8058823529411765,0.010394065809449266,0.2296,-0.008972379887888881
comm_short|z1>=2.0,2023+,26,5,5.0,0.12828188300943186,0.1464552110348627,0.8,0.16260157757521554,0.9235668789808917,-0.03431969456578368,0.3782,-0.014741504258541305
comm_short|z1>=2.0,2020-22,4,4,3.0,-0.0006720355621069873,0.0022532206306029035,0.5,0.00588844866049347,0.5448717948717948,-0.006560484222600457,0.6744,-0.014225746557521152
comm_short|z1>=2.0,2020-22,8,4,3.0,0.007878526764171723,-0.006689359381401916,0.5,0.010290132803350205,0.532051282051282,-0.002411606039178482,0.6024,-0.019057704728403985
comm_short|z1>=2.0,2020-22,13,4,3.0,-0.006627591851024489,-0.010779515587102162,0.25,0.0175371595730731,0.5384615384615384,-0.02416475142409759,0.8062,-0.042404202985903555
comm_short|z1>=2.0,2020-22,26,4,3.0,-0.028400132629583352,-0.05389526240454939,0.25,0.03134070603275328,0.6025641025641025,-0.059740838662336634,0.9102,-0.06935818303483485
comm_short|pct13>=0.1,ALL,4,63,14.0,0.011143222806142649,0.004593188928521563,0.5396825396825397,0.01262554843983999,0.5970149253731343,-0.0014823256336973407,0.5286,-0.011333472134282294
comm_short|pct13>=0.1,ALL,8,63,14.0,0.015094873604814847,0.010744372564268634,0.5238095238095238,0.026672622775896472,0.6102719033232629,-0.011577749171081625,0.653,-0.019468878918562263
comm_short|pct13>=0.1,ALL,13,63,14.0,0.040161692822928266,0.02990929772460582,0.6825396825396826,0.045571562169968736,0.6779141104294478,-0.0054098693470404705,0.5404,-0.024581228220678812
comm_short|pct13>=0.1,ALL,26,62,14.0,0.08777910419547798,0.12478401828215413,0.7419354838709677,0.09718082370740687,0.7635782747603834,-0.009401719511928891,0.523,-0.03387059601840965
comm_short|pct13>=0.1,2023+,4,47,11.0,0.01463005937297807,0.004593188928521563,0.5531914893617021,0.01849698735368388,0.6424581005586593,-0.003866927980705811,0.4016,-0.00932630337504168
comm_short|pct13>=0.1,2023+,8,47,11.0,0.022076153623046376,0.013484290801216492,0.574468085106383,0.04127644240856628,0.68,-0.019200288785519905,0.5396,-0.01644572465447543
comm_short|pct13>=0.1,2023+,13,47,11.0,0.05221790602157945,0.038784675040599126,0.7659574468085106,0.07129724925888474,0.8058823529411765,-0.019079343237305292,0.4096,-0.020192465955528538
comm_short|pct13>=0.1,2023+,26,46,11.0,0.12506977076210588,0.14180081750902473,0.8478260869565217,0.16260157757521554,0.9235668789808917,-0.037531806813109664,0.4342,-0.025259029745204577
comm_short|pct13>=0.1,2020-22,4,16,4.0,0.0009006403910635993,-0.001752443253876912,0.5,0.00588844866049347,0.5448717948717948,-0.004987808269429871,0.7002,-0.017229530364551604
comm_short|pct13>=0.1,2020-22,8,16,4.0,-0.005412636448740259,-0.02587887054931165,0.375,0.010290132803350205,0.532051282051282,-0.015702769252090465,0.827,-0.028349394569317336
comm_short|pct13>=0.1,2020-22,13,16,4.0,0.004746566551890423,-0.010779515587102162,0.4375,0.0175371595730731,0.5384615384615384,-0.012790593021182677,0.8214,-0.03747321737455774
comm_short|pct13>=0.1,2020-22,26,16,4.0,-0.019431562183577215,-0.02370717361527358,0.4375,0.03134070603275328,0.6025641025641025,-0.0507722682163305,0.9124,-0.058628849053874256
comm_short|pct13>=0.15,ALL,4,43,9.0,0.011921148056333243,0.0032378443639555776,0.5348837209302325,0.01262554843983999,0.5970149253731343,-0.0007044003835067463,0.4686,-0.01017749492846048
comm_short|pct13>=0.15,ALL,8,43,9.0,0.011089799005932712,-0.0007813573293035114,0.46511627906976744,0.026672622775896472,0.6102719033232629,-0.01558282376996376,0.6876,-0.018763080960731343
comm_short|pct13>=0.15,ALL,13,43,9.0,0.029734622376948294,0.027978544725578258,0.6744186046511628,0.045571562169968736,0.6779141104294478,-0.015836939793020442,0.5904,-0.024600338307723613
comm_short|pct13>=0.15,ALL,26,43,9.0,0.06673022627183084,0.06784504951320813,0.6744186046511628,0.09718082370740687,0.7635782747603834,-0.03045059743557603,0.5688,-0.03792841886825119
comm_short|pct13>=0.15,2023+,4,32,6.0,0.014702524022872112,0.00391551664623857,0.5625,0.01849698735368388,0.6424581005586593,-0.0037944633308117683,0.409,-0.008174978218292536
comm_short|pct13>=0.15,2023+,8,32,6.0,0.01825464229607078,0.005041179262764095,0.5,0.04127644240856628,0.68,-0.0230218001124955,0.5802,-0.015097718652551523
comm_short|pct13>=0.15,2023+,13,32,6.0,0.040312840550902396,0.030659218016140355,0.78125,0.07129724925888474,0.8058823529411765,-0.030984408707982344,0.489,-0.018423762855516574
comm_short|pct13>=0.15,2023+,26,32,6.0,0.10189368533218121,0.13586795701433385,0.78125,0.16260157757521554,0.9235668789808917,-0.06070789224303433,0.4654,-0.026198942189437992
comm_short|pct13>=0.15,2020-22,4,11,4.0,0.0038298725173110796,-0.012941693404998844,0.45454545454545453,0.00588844866049347,0.5448717948717948,-0.0020585761431823903,0.6238,-0.01600299808531268
comm_short|pct13>=0.15,2020-22,8,11,4.0,-0.009753381474468944,-0.036500657065465125,0.36363636363636365,0.010290132803350205,0.532051282051282,-0.020043514277819148,0.824,-0.02942595312998173
comm_short|pct13>=0.15,2020-22,13,11,4.0,-0.0010383759472818242,-0.018678670726863467,0.36363636363636365,0.0175371595730731,0.5384615384615384,-0.018575535520354923,0.7848,-0.04256855780505318
comm_short|pct13>=0.15,2020-22,26,11,4.0,-0.035563472812824744,-0.028261860702121333,0.36363636363636365,0.03134070603275328,0.6025641025641025,-0.06690417884557803,0.9396,-0.07205053284298049
comm_short|pct26>=0.15,ALL,4,42,8.0,0.007971484193574626,-0.002747325931227118,0.4523809523809524,0.01262554843983999,0.5970149253731343,-0.004654064246265363,0.5802,-0.012483230036288121
comm_short|pct26>=0.15,ALL,8,42,8.0,0.00852763979250472,-0.003965108477213708,0.42857142857142855,0.026672622775896472,0.6102719033232629,-0.018144982983391754,0.726,-0.021439042877313266
comm_short|pct26>=0.15,ALL,13,42,8.0,0.030434241169739702,0.028358657488758654,0.6190476190476191,0.045571562169968736,0.6779141104294478,-0.015137321000229034,0.5992,-0.027867396187483653
comm_short|pct26>=0.15,ALL,26,42,8.0,0.05976747782978874,0.0512357118417297,0.6666666666666666,0.09718082370740687,0.7635782747603834,-0.03741334587761813,0.625,-0.04366847066169186
comm_short|pct26>=0.15,2023+,4,35,6.0,0.011320464971230175,-0.001676804489729622,0.4857142857142857,0.01849698735368388,0.6424581005586593,-0.007176522382453705,0.5152,-0.011175806635632097
comm_short|pct26>=0.15,2023+,8,35,6.0,0.016845761027254574,-0.0006620140387404438,0.4857142857142857,0.04127644240856628,0.68,-0.024430681381311707,0.634,-0.017704139030823424
comm_short|pct26>=0.15,2023+,13,35,6.0,0.042783669925123974,0.031763729710107436,0.7142857142857143,0.07129724925888474,0.8058823529411765,-0.028513579333760766,0.5436,-0.021520532918260955
comm_short|pct26>=0.15,2023+,26,35,6.0,0.09060540587244954,0.12785855226478304,0.7714285714285715,0.16260157757521554,0.9235668789808917,-0.071996171702766,0.5006,-0.03142042882341094
comm_short|pct26>=0.15,2020-22,4,7,2.0,-0.008773419694703117,-0.019554507812736044,0.2857142857142857,0.00588844866049347,0.5448717948717948,-0.014661868355196587,0.7804,-0.019020347039568248
comm_short|pct26>=0.15,2020-22,8,7,2.0,-0.033062966381244556,-0.03722318681653414,0.14285714285714285,0.010290132803350205,0.532051282051282,-0.04335309918459476,0.9072,-0.04011356210976247
comm_short|pct26>=0.15,2020-22,13,7,2.0,-0.031312902607181684,-0.04183283526140957,0.14285714285714285,0.0175371595730731,0.5384615384615384,-0.04885006218025478,0.8906,-0.05960171253359714
comm_short|pct26>=0.15,2020-22,26,7,2.0,-0.09442216238351538,-0.12793506669304544,0.14285714285714285,0.03134070603275328,0.6025641025641025,-0.12576286841626866,0.987762594330002,-0.10490867985309647
comm_long|z4>=2.0,ALL,4,8,5.0,0.03214195914537066,0.026287054071392646,0.75,0.01262554843983999,0.5970149253731343,0.019516410705530667,0.1416,0.0029555778539816363
comm_long|z4>=2.0,ALL,8,8,5.0,0.023349336836558293,0.014983510579171744,0.5,0.026672622775896472,0.6102719033232629,-0.003323285939338179,0.5408,-0.013552633216880966
comm_long|z4>=2.0,ALL,13,8,5.0,0.014035510344255653,0.027958799690081748,0.625,0.045571562169968736,0.6779141104294478,-0.031536051825713084,0.799,-0.020692017119845765
comm_long|z4>=2.0,ALL,26,8,5.0,0.057488898131458674,0.06237994610284281,0.75,0.09718082370740687,0.7635782747603834,-0.039691925575948195,0.743,-0.036154874790640806
comm_long|z4>=2.0,2023+,4,3,1.0,0.07948347498422963,0.08739134064996135,1.0,0.01849698735368388,0.6424581005586593,0.060986487630545747,0.04426559356136821,0.026260389584356354
comm_long|z4>=2.0,2023+,8,3,1.0,0.08498393241389064,0.09492907571133014,1.0,0.04127644240856628,0.68,0.04370749000532436,0.18747458316388776,0.022138657411855684
comm_long|z4>=2.0,2023+,13,3,1.0,0.06533337548042047,0.07211571767031377,1.0,0.07129724925888474,0.8058823529411765,-0.005963873778464274,0.3968253968253968,0.02090109277186906
comm_long|z4>=2.0,2023+,26,3,1.0,0.19942165045770044,0.19600894323273743,1.0,0.16260157757521554,0.9235668789808917,0.0368200728824849,0.2044625616820425,0.02090109277186906
comm_long|z4>=2.0,2020-22,4,5,4.0,0.003737049642055279,0.011520337158007932,0.6,0.00588844866049347,0.5448717948717948,-0.002151399018438191,0.597,-0.011027309184243194
comm_long|z4>=2.0,2020-22,8,5,4.0,-0.013631420509841119,-0.03031759080225549,0.2,0.010290132803350205,0.532051282051282,-0.023921553313191325,0.8814,-0.03496740759412296
comm_long|z4>=2.0,2020-22,13,5,4.0,-0.016743208737443237,-0.04055274461901848,0.4,0.0175371595730731,0.5384615384615384,-0.03428036831051634,0.9146,-0.04564788305487466
comm_long|z4>=2.0,2020-22,26,5,4.0,-0.027670753264286384,5.417998591328299e-06,0.6,0.03134070603275328,0.6025641025641025,-0.059011459297039666,0.95,-0.07038845532814672
comm_long|z4>=1.5,ALL,4,24,12.0,0.027619883973910426,0.014298154504983063,0.7083333333333334,0.01262554843983999,0.5970149253731343,0.014994335534070436,0.1094,-0.007708073363003405
comm_long|z4>=1.5,ALL,8,24,12.0,0.03406289393882058,0.03163087998251635,0.7083333333333334,0.026672622775896472,0.6102719033232629,0.007390271162924109,0.2784,-0.015748762027248467
comm_long|z4>=1.5,ALL,13,24,12.0,0.05666755927118861,0.029871137217842847,0.8333333333333334,0.045571562169968736,0.6779141104294478,0.011095997101219876,0.2668,-0.018276849982539065
comm_long|z4>=1.5,ALL,26,24,12.0,0.11346942963525647,0.15233469302557345,0.8333333333333334,0.09718082370740687,0.7635782747603834,0.0162886059278496,0.351,-0.028895488158527827
comm_long|z4>=1.5,2023+,4,17,7.0,0.03664425773585764,0.015064256879374849,0.7647058823529411,0.01849698735368388,0.6424581005586593,0.018147270382173758,0.0792,-0.005262051611204919
comm_long|z4>=1.5,2023+,8,17,7.0,0.05268905680402389,0.04522410519150166,0.8823529411764706,0.04127644240856628,0.68,0.011412614395457606,0.1392,-0.006193398769033504
comm_long|z4>=1.5,2023+,13,17,7.0,0.08570830854882916,0.06023566427414462,1.0,0.07129724925888474,0.8058823529411765,0.01441105928994442,0.189,-0.006621147805693261
comm_long|z4>=1.5,2023+,26,17,7.0,0.18115740701369973,0.19120149761742677,1.0,0.16260157757521554,0.9235668789808917,0.01855582943848419,0.2306,-0.006621147805693261
comm_long|z4>=1.5,2020-22,4,7,5.0,0.0057035476948957674,0.011520337158007932,0.5714285714285714,0.00588844866049347,0.5448717948717948,-0.00018490096559770249,0.5724,-0.013648411903085442
comm_long|z4>=1.5,2020-22,8,7,5.0,-0.011172073019530318,-0.03031759080225549,0.2857142857142857,0.010290132803350205,0.532051282051282,-0.021462205822880522,0.857,-0.03895464422577052
comm_long|z4>=1.5,2020-22,13,7,5.0,-0.013859974688795549,-0.04055274461901848,0.42857142857142855,0.0175371595730731,0.5384615384615384,-0.031397134261868645,0.8738,-0.04658355526916459
comm_long|z4>=1.5,2020-22,26,7,5.0,-0.05091565828382007,-0.058458653788502346,0.42857142857142855,0.03134070603275328,0.6025641025641025,-0.08225636431657335,0.9794,-0.08299031472969749
comm_long|z1>=2.0,ALL,4,6,6.0,0.027426477294240487,0.028122376648068936,0.6666666666666666,0.01262554843983999,0.5970149253731343,0.014800928854400498,0.1786,-0.0129177136781267
comm_long|z1>=2.0,ALL,8,6,6.0,0.03624964619256867,0.04279720516291452,0.6666666666666666,0.026672622775896472,0.6102719033232629,0.0095770234166722,0.3308,-0.01613901912538192
comm_long|z1>=2.0,ALL,13,6,6.0,0.07206185996802424,0.05498991249044349,0.8333333333333334,0.045571562169968736,0.6779141104294478,0.0264902977980555,0.126,-0.022075388898001574
comm_long|z1>=2.0,ALL,26,6,6.0,0.11084524025370178,0.16104242520550338,0.8333333333333334,0.09718082370740687,0.7635782747603834,0.01366441654629491,0.3398,-0.030835123335494652
comm_long|z1>=2.0,2023+,4,4,4.0,0.05249201521398994,0.055488193178714784,1.0,0.01849698735368388,0.6424581005586593,0.03399502786030606,0.0572,-0.0027394698810082885
comm_long|z1>=2.0,2023+,8,4,4.0,0.07114070531865152,0.0845599009352801,1.0,0.04127644240856628,0.68,0.02986426291008524,0.1152,-0.0027394698810082885
comm_long|z1>=2.0,2023+,13,4,4.0,0.1154101695673797,0.10799434924734763,1.0,0.07129724925888474,0.8058823529411765,0.044112920308494966,0.1032,-0.0027394698810082885
comm_long|z1>=2.0,2023+,26,4,4.0,0.2000625083390707,0.21593899868154265,1.0,0.16260157757521554,0.9235668789808917,0.03746093076385515,0.2004,-0.0027394698810082885
comm_long|z1>=2.0,2020-22,4,2,2.0,-0.022704598545258414,-0.022704598545258414,0.0,0.00588844866049347,0.5448717948717948,-0.028593047205751884,0.8496,-0.033274201272363524
comm_long|z1>=2.0,2020-22,8,2,2.0,-0.03353247205959703,-0.03353247205959703,0.0,0.010290132803350205,0.532051282051282,-0.043822604862947236,0.8804,-0.04293811761412919
comm_long|z1>=2.0,2020-22,13,2,2.0,-0.01463475923068669,-0.01463475923068669,0.5,0.0175371595730731,0.5384615384615384,-0.03217191880375979,0.8304,-0.06074722693198814
comm_long|z1>=2.0,2020-22,26,2,2.0,-0.06758929591703605,-0.06758929591703605,0.5,0.03134070603275328,0.6025641025641025,-0.09893000194978933,0.9665496593020855,-0.08702643024446738
comm_long|pct13>=0.1,ALL,4,52,19.0,0.018922997218950712,0.011362622449454518,0.6923076923076923,0.01262554843983999,0.5970149253731343,0.006297448779110723,0.1904,-0.010306241880208789
comm_long|pct13>=0.1,ALL,8,52,19.0,0.029243475542092556,0.022114214448099467,0.6153846153846154,0.026672622775896472,0.6102719033232629,0.002570852766196084,0.3882,-0.020205258092459346
comm_long|pct13>=0.1,ALL,13,52,19.0,0.050209801488616417,0.028358657488758654,0.6923076923076923,0.045571562169968736,0.6779141104294478,0.00463823931864768,0.3922,-0.023284694156014505
comm_long|pct13>=0.1,ALL,26,50,19.0,0.1076629451381519,0.13729135761589673,0.78,0.09718082370740687,0.7635782747603834,0.010482121430745034,0.337,-0.02928161028134618
comm_long|pct13>=0.1,2023+,4,38,10.0,0.026558274585851027,0.01256619298958006,0.7368421052631579,0.01849698735368388,0.6424581005586593,0.008061287232167147,0.1072,-0.007803742136731865
comm_long|pct13>=0.1,2023+,8,38,10.0,0.04026591537997121,0.024939799411256014,0.7105263157894737,0.04127644240856628,0.68,-0.0010105270285950749,0.288,-0.014647525289182742
comm_long|pct13>=0.1,2023+,13,38,10.0,0.07313523301754468,0.04251861766398923,0.7894736842105263,0.07129724925888474,0.8058823529411765,0.0018379837586599418,0.1936,-0.016454370883862566
comm_long|pct13>=0.1,2023+,26,36,10.0,0.15787685546043695,0.1751751020518827,0.9166666666666666,0.16260157757521554,0.9235668789808917,-0.00472472211477859,0.2382,-0.014241383986752188
comm_long|pct13>=0.1,2020-22,4,14,9.0,-0.0018013270626358602,0.006737538002914767,0.5714285714285714,0.00588844866049347,0.5448717948717948,-0.00768977572312933,0.8484,-0.017098741183931867
comm_long|pct13>=0.1,2020-22,8,14,9.0,-0.0006745754464352009,-0.02553022780373121,0.35714285714285715,0.010290132803350205,0.532051282051282,-0.010964708249785406,0.8756,-0.035290532844210125
comm_long|pct13>=0.1,2020-22,13,14,9.0,-0.012016369804188918,-0.03783199433758583,0.42857142857142855,0.0175371595730731,0.5384615384615384,-0.029553529377262015,0.9708,-0.041824143037569754
comm_long|pct13>=0.1,2020-22,26,14,9.0,-0.021458538547724004,-0.03880557015846409,0.42857142857142855,0.03134070603275328,0.6025641025641025,-0.052799244580477286,0.9726,-0.06795647789601643
comm_long|pct13>=0.15,ALL,4,27,9.0,0.02599576265403038,0.011600333848568845,0.6666666666666666,0.01262554843983999,0.5970149253731343,0.013370214214190391,0.1394,-0.009010814101625346
comm_long|pct13>=0.15,ALL,8,27,9.0,0.02950392887676992,0.011403684166598982,0.5555555555555556,0.026672622775896472,0.6102719033232629,0.002831306100873447,0.425,-0.01642040612909828
comm_long|pct13>=0.15,ALL,13,27,9.0,0.0686396276663294,0.02873877025193905,0.7777777777777778,0.045571562169968736,0.6779141104294478,0.023068065496360667,0.2132,-0.018697769575926965
comm_long|pct13>=0.15,ALL,26,27,9.0,0.12673186140427298,0.15031590791984062,0.8518518518518519,0.09718082370740687,0.7635782747603834,0.02955103769686611,0.2658,-0.026700464156832252
comm_long|pct13>=0.15,2023+,4,21,5.0,0.03731916050467184,0.015064256879374849,0.7619047619047619,0.01849698735368388,0.6424581005586593,0.018822173150987963,0.0576,-0.0052751195233187165
comm_long|pct13>=0.15,2023+,8,21,5.0,0.04976592238041455,0.04948451913027441,0.7142857142857143,0.04127644240856628,0.68,0.00848947997184827,0.2172,-0.0063663270701269856
comm_long|pct13>=0.15,2023+,13,21,5.0,0.0992771706140573,0.07211571767031377,0.9523809523809523,0.07129724925888474,0.8058823529411765,0.027979921355172563,0.0984,-0.00671748558826095
comm_long|pct13>=0.15,2023+,26,21,5.0,0.17850888183421562,0.18493007371052528,1.0,0.16260157757521554,0.9235668789808917,0.015907304259000082,0.204,-0.00671748558826095
comm_long|pct13>=0.15,2020-22,4,6,4.0,-0.013636129823214752,-0.016248100608867444,0.3333333333333333,0.00588844866049347,0.5448717948717948,-0.01952457848370822,0.8728,-0.022085745125698553
comm_long|pct13>=0.15,2020-22,8,6,4.0,-0.04141304838598627,-0.04456485025516205,0.0,0.010290132803350205,0.532051282051282,-0.05170318118933648,0.9858,-0.05160968283549781
comm_long|pct13>=0.15,2020-22,13,6,4.0,-0.03859177265071828,-0.0477001390800017,0.16666666666666666,0.0175371595730731,0.5384615384615384,-0.05612893222379138,0.9858,-0.060628763532758013
comm_long|pct13>=0.15,2020-22,26,6,4.0,-0.05448771010052622,-0.07354377661073563,0.3333333333333333,0.03134070603275328,0.6025641025641025,-0.0858284161332795,0.985,-0.09664088914683182
comm_long|pct26>=0.15,ALL,4,28,6.0,0.01733335065290056,0.010456822802489385,0.5714285714285714,0.01262554843983999,0.5970149253731343,0.0047078022130605714,0.3718,-0.010921613686085943
comm_long|pct26>=0.15,ALL,8,28,6.0,0.0248298652181163,0.011074028365433808,0.6071428571428571,0.026672622775896472,0.6102719033232629,-0.0018427575577801732,0.5494,-0.01727729471896566
comm_long|pct26>=0.15,ALL,13,28,6.0,0.06442838727401255,0.034346986382602473,0.8214285714285714,0.045571562169968736,0.6779141104294478,0.018856825104043816,0.3206,-0.019212122234637783
comm_long|pct26>=0.15,ALL,26,28,6.0,0.12541389225931324,0.1447695936082236,0.8928571428571429,0.09718082370740687,0.7635782747603834,0.028233068551906368,0.3414,-0.027728981950502638
comm_long|pct26>=0.15,2023+,4,24,4.0,0.021515730211962986,0.011402620794734974,0.625,0.01849698735368388,0.6424581005586593,0.0030187428582791054,0.2964,-0.009335991024566984
comm_long|pct26>=0.15,2023+,8,24,4.0,0.03650312854985959,0.018322412706840874,0.7083333333333334,0.04127644240856628,0.68,-0.00477331385870669,0.4118,-0.011113214800487816
comm_long|pct26>=0.15,2023+,13,24,4.0,0.08089272050246037,0.04251861766398923,0.9166666666666666,0.07129724925888474,0.8058823529411765,0.009595471243575626,0.241,-0.011886421125617047
comm_long|pct26>=0.15,2023+,26,24,4.0,0.16392915956936227,0.1693338855186176,1.0,0.16260157757521554,0.9235668789808917,0.0013275819941467315,0.2864,-0.013117765814803645
comm_long|pct26>=0.15,2020-22,4,4,2.0,-0.007760926701473991,-0.016248100608867444,0.25,0.00588844866049347,0.5448717948717948,-0.013649375361967461,0.7414,-0.02043534965519969
comm_long|pct26>=0.15,2020-22,8,4,2.0,-0.04520971477234348,-0.054299236018839736,0.0,0.010290132803350205,0.532051282051282,-0.055499847575693685,0.9506,-0.05426177422983272
comm_long|pct26>=0.15,2020-22,13,4,2.0,-0.034357612096674345,-0.049540449224180605,0.25,0.0175371595730731,0.5384615384615384,-0.051894771669747444,0.8956,-0.0631663288887622
comm_long|pct26>=0.15,2020-22,26,4,2.0,-0.10567771160098094,-0.13155953826285444,0.25,0.03134070603275328,0.6025641025641025,-0.13701841763373424,0.9950728803120509,-0.1153962787646966
comm_net|z4>=2.0,ALL,4,5,4.0,0.017530087527389514,0.015064256879374849,0.8,0.01262554843983999,0.5970149253731343,0.004904539087549524,0.3918,-0.009243091278883276
comm_net|z4>=2.0,ALL,8,5,4.0,0.030656891864638068,0.023685541881164784,0.8,0.026672622775896472,0.6102719033232629,0.003984269088741596,0.4224,-0.03199080161999566
comm_net|z4>=2.0,ALL,13,5,4.0,0.06357159985474987,0.014957949014234195,0.8,0.045571562169968736,0.6779141104294478,0.018000037684781138,0.327,-0.03199080161999566
comm_net|z4>=2.0,ALL,26,4,4.0,0.20890504936252036,0.23029554411950237,1.0,0.09718082370740687,0.7635782747603834,0.11172422565511349,0.148,-0.012675402127658053
comm_net|z4>=2.0,2023+,4,5,4.0,0.017530087527389514,0.015064256879374849,0.8,0.01849698735368388,0.6424581005586593,-0.0009668998262943665,0.3834,-0.009243091278883276
comm_net|z4>=2.0,2023+,8,5,4.0,0.030656891864638068,0.023685541881164784,0.8,0.04127644240856628,0.68,-0.010619550543928213,0.4208,-0.03199080161999566
comm_net|z4>=2.0,2023+,13,5,4.0,0.06357159985474987,0.014957949014234195,0.8,0.07129724925888474,0.8058823529411765,-0.0077256494041348656,0.3366,-0.03199080161999566
comm_net|z4>=2.0,2023+,26,4,4.0,0.20890504936252036,0.23029554411950237,1.0,0.16260157757521554,0.9235668789808917,0.04630347178730482,0.1584,-0.012675402127658053
comm_net|z4>=2.0,2020-22,4,0,,,,,,,,,
comm_net|z4>=2.0,2020-22,8,0,,,,,,,,,
comm_net|z4>=2.0,2020-22,13,0,,,,,,,,,
comm_net|z4>=2.0,2020-22,26,0,,,,,,,,,
comm_net|z4>=1.5,ALL,4,26,12.0,0.010220964538931565,0.011644836821146587,0.6923076923076923,0.01262554843983999,0.5970149253731343,-0.0024045839009084243,0.5872,-0.006087561501758953
comm_net|z4>=1.5,ALL,8,26,12.0,0.024152863059734013,0.02323281100684793,0.6538461538461539,0.026672622775896472,0.6102719033232629,-0.002519759716162459,0.5104,-0.026096329117932124
comm_net|z4>=1.5,ALL,13,26,12.0,0.0522487752763358,0.04714971104923582,0.6923076923076923,0.045571562169968736,0.6779141104294478,0.006677213106367062,0.3624,-0.028119079561743962
comm_net|z4>=1.5,ALL,26,24,12.0,0.12755015138635903,0.11014272769470301,0.9166666666666666,0.09718082370740687,0.7635782747603834,0.03036932767895216,0.1384,-0.02406474347522416
comm_net|z4>=1.5,2023+,4,16,6.0,0.01017252938140193,0.013332295363971847,0.625,0.01849698735368388,0.6424581005586593,-0.00832445797228195,0.5538,-0.012235183533760165
comm_net|z4>=1.5,2023+,8,16,6.0,0.04196383378050566,0.03233325990002456,0.75,0.04127644240856628,0.68,0.0006873913719393776,0.2908,-0.028400862087905564
comm_net|z4>=1.5,2023+,13,16,6.0,0.0783808809016798,0.07045707643665455,0.875,0.07129724925888474,0.8058823529411765,0.00708363164279506,0.2194,-0.028400862087905564
comm_net|z4>=1.5,2023+,26,14,6.0,0.19031128911627218,0.22147924732569224,1.0,0.16260157757521554,0.9235668789808917,0.027709711541056642,0.163,-0.016566486551931776
comm_net|z4>=1.5,2020-22,4,10,6.0,0.01029846079097898,0.01160483847586613,0.8,0.00588844866049347,0.5448717948717948,0.004410012130485511,0.5516,0.0037486337494429867
comm_net|z4>=1.5,2020-22,8,10,6.0,-0.004344690093500625,0.008490151881652863,0.5,0.010290132803350205,0.532051282051282,-0.014634822896850828,0.8666,-0.022409076365974622
comm_net|z4>=1.5,2020-22,13,10,6.0,0.010437406275785387,-0.010374459694283578,0.4,0.0175371595730731,0.5384615384615384,-0.007099753297287712,0.7578,-0.027668227519885402
comm_net|z4>=1.5,2020-22,26,10,6.0,0.03968455856448059,0.029423443601940824,0.8,0.03134070603275328,0.6025641025641025,0.008343852531727307,0.6846,-0.0345623031678335
comm_net|z1>=2.0,ALL,4,5,5.0,0.03895032277719577,0.026892931839315848,1.0,0.01262554843983999,0.5970149253731343,0.026324774337355777,0.117,0.012769596951120565
comm_net|z1>=2.0,ALL,8,5,5.0,0.012101127133793032,-9.544609821954264e-05,0.4,0.026672622775896472,0.6102719033232629,-0.01457149564210344,0.6992,-0.01833942378042135
comm_net|z1>=2.0,ALL,13,5,5.0,0.014931628985938316,0.028362359064663556,0.6,0.045571562169968736,0.6779141104294478,-0.03063993318403042,0.8016,-0.019850840818111327
comm_net|z1>=2.0,ALL,26,4,5.0,0.06776790054115495,0.029754706625522265,0.75,0.09718082370740687,0.7635782747603834,-0.029412923166251922,0.693,-0.02523809753589215
comm_net|z1>=2.0,2023+,4,2,2.0,0.04447547047411382,0.04447547047411382,1.0,0.01849698735368388,0.6424581005586593,0.02597848312042994,0.1762,0.015685566114566618
comm_net|z1>=2.0,2023+,8,2,2.0,0.00449829714865968,0.00449829714865968,0.5,0.04127644240856628,0.68,-0.0367781452599066,0.618,-0.04653636429893654
comm_net|z1>=2.0,2023+,13,2,2.0,0.0017458982892694652,0.0017458982892694652,0.5,0.07129724925888474,0.8058823529411765,-0.06955135096961527,0.7066,-0.04653636429893654
comm_net|z1>=2.0,2023+,26,1,2.0,0.22949519183418765,0.22949519183418765,1.0,0.16260157757521554,0.9235668789808917,0.06689361425897211,0.1228,-0.01088074737944511
comm_net|z1>=2.0,2020-22,4,3,3.0,0.0352668909792504,0.01168933979372433,1.0,0.00588844866049347,0.5448717948717948,0.029378442318756928,0.181,0.010825617508823196
comm_net|z1>=2.0,2020-22,8,3,3.0,0.01716968045721527,-9.544609821954264e-05,0.3333333333333333,0.010290132803350205,0.532051282051282,0.006879547653865064,0.5502,0.00045853656525544445
comm_net|z1>=2.0,2020-22,13,3,3.0,0.023722116117050884,0.04122599345074773,0.6666666666666666,0.0175371595730731,0.5384615384615384,0.006184956543977785,0.6062,-0.0020604918308945175
comm_net|z1>=2.0,2020-22,26,3,3.0,0.013858803443477377,0.014962579515021668,0.6666666666666666,0.03134070603275328,0.6025641025641025,-0.017481902589275906,0.7792,-0.030023880921374497
comm_net|pct13>=0.1,ALL,4,81,14.0,0.014697338528903989,0.00943680689724502,0.5679012345679012,0.01262554843983999,0.5970149253731343,0.0020717900890639997,0.3728,-0.010017254489871678
comm_net|pct13>=0.1,ALL,8,81,14.0,0.02183661518979892,0.013898080741231,0.5679012345679012,0.026672622775896472,0.6102719033232629,-0.004836007586097552,0.598,-0.018333043377288288
comm_net|pct13>=0.1,ALL,13,81,14.0,0.038203751211739315,0.02990929772460582,0.6666666666666666,0.045571562169968736,0.6779141104294478,-0.007367810958229422,0.595,-0.0246988840995557
comm_net|pct13>=0.1,ALL,26,79,14.0,0.0860225924804032,0.09169036863532432,0.7088607594936709,0.09718082370740687,0.7635782747603834,-0.01115823122700367,0.5724,-0.03613047325813713
comm_net|pct13>=0.1,2023+,4,56,9.0,0.02186567933885668,0.009618468517585521,0.5892857142857143,0.01849698735368388,0.6424581005586593,0.003368691985172801,0.2066,-0.006946881288046735
comm_net|pct13>=0.1,2023+,8,56,9.0,0.03438522628176325,0.022114214448099467,0.625,0.04127644240856628,0.68,-0.006891216126803032,0.3258,-0.013593465310081196
comm_net|pct13>=0.1,2023+,13,56,9.0,0.05799973633158802,0.04284710977438211,0.7857142857142857,0.07129724925888474,0.8058823529411765,-0.013297512927296723,0.3802,-0.018446138969507704
comm_net|pct13>=0.1,2023+,26,54,9.0,0.1342655593652138,0.14286247564169496,0.8333333333333334,0.16260157757521554,0.9235668789808917,-0.02833601821000173,0.3894,-0.025608043444925073
comm_net|pct13>=0.1,2020-22,4,25,6.0,-0.0013597448853900395,0.004419567241359834,0.52,0.00588844866049347,0.5448717948717948,-0.007248193545883509,0.8062,-0.01689489046195955
comm_net|pct13>=0.1,2020-22,8,25,6.0,-0.0062722736562011725,-0.015257084033158175,0.44,0.010290132803350205,0.532051282051282,-0.016562406459551378,0.8636,-0.028949698247832174
comm_net|pct13>=0.1,2020-22,13,25,6.0,-0.006139255456721777,-0.0060072994355404585,0.4,0.0175371595730731,0.5384615384615384,-0.023676415029794878,0.8912,-0.03870503319086323
comm_net|pct13>=0.1,2020-22,26,25,6.0,-0.018182215990787762,-0.022173668498247756,0.44,0.03134070603275328,0.6025641025641025,-0.04952292202354104,0.9374,-0.05885892165467517
comm_net|pct13>=0.15,ALL,4,61,13.0,0.007867504133176882,0.0020365775390258634,0.5081967213114754,0.01262554843983999,0.5970149253731343,-0.004758044306663108,0.6198,-0.013543020636341507
comm_net|pct13>=0.15,ALL,8,61,13.0,0.012503674570573907,0.002595318520866474,0.5081967213114754,0.026672622775896472,0.6102719033232629,-0.014168948205322565,0.709,-0.02091796137215538
comm_net|pct13>=0.15,ALL,13,61,13.0,0.030299540894728492,0.029554706322173274,0.6721311475409836,0.045571562169968736,0.6779141104294478,-0.015272021275240244,0.6108,-0.02677070327137962
comm_net|pct13>=0.15,ALL,26,60,13.0,0.06844497792611358,0.07553589086746182,0.7,0.09718082370740687,0.7635782747603834,-0.02873584578129329,0.6042,-0.0389215276175668
comm_net|pct13>=0.15,2023+,4,42,10.0,0.010692485759241513,0.0009593400923748052,0.5,0.01849698735368388,0.6424581005586593,-0.007804501594442367,0.5084,-0.011566844072340033
comm_net|pct13>=0.15,2023+,8,42,10.0,0.019024710845686157,0.011851828048392798,0.5476190476190477,0.04127644240856628,0.68,-0.022251731562880125,0.596,-0.018024923424930596
comm_net|pct13>=0.15,2023+,13,42,10.0,0.041637290420801616,0.03083651371735663,0.7619047619047619,0.07129724925888474,0.8058823529411765,-0.029659958838083124,0.5026,-0.02304959225752184
comm_net|pct13>=0.15,2023+,26,41,10.0,0.10471814567140798,0.13316156333449936,0.8048780487804879,0.16260157757521554,0.9235668789808917,-0.057883431903807556,0.4968,-0.03230969017648514
comm_net|pct13>=0.15,2020-22,4,19,4.0,0.0016228079071392769,0.00943680689724502,0.5263157894736842,0.00588844866049347,0.5448717948717948,-0.004265640753354193,0.6934,-0.017911410935713187
comm_net|pct13>=0.15,2020-22,8,19,4.0,-0.0019112477217794889,-0.015257084033158175,0.42105263157894735,0.010290132803350205,0.532051282051282,-0.012201380525129693,0.8128,-0.027313097887073316
comm_net|pct13>=0.15,2020-22,13,19,4.0,0.005237147205514212,-0.0028803604473408573,0.47368421052631576,0.0175371595730731,0.5384615384615384,-0.012300012367558889,0.8224,-0.03499631709148629
comm_net|pct13>=0.15,2020-22,26,19,4.0,-0.009828699840048019,-0.019152486528425827,0.47368421052631576,0.03134070603275328,0.6025641025641025,-0.0411694058728013,0.8966,-0.05318917683253249
comm_net|pct26>=0.15,ALL,4,67,7.0,0.013657380439913377,0.006931943247647343,0.5671641791044776,0.01262554843983999,0.5970149253731343,0.0010318320000733874,0.4286,-0.008748928555598853
comm_net|pct26>=0.15,ALL,8,67,7.0,0.017736561833834985,0.012959283532516963,0.5522388059701493,0.026672622775896472,0.6102719033232629,-0.008936060942061487,0.6242,-0.017718557344831184
comm_net|pct26>=0.15,ALL,13,67,7.0,0.04287449859176634,0.04188312851563891,0.7014925373134329,0.045571562169968736,0.6779141104294478,-0.0026970635782023952,0.5026,-0.0227088978755908
comm_net|pct26>=0.15,ALL,26,67,7.0,0.0758939527244411,0.12686554332874822,0.7611940298507462,0.09718082370740687,0.7635782747603834,-0.021286870982965764,0.5696,-0.03436352183795706
comm_net|pct26>=0.15,2023+,4,54,5.0,0.016007846345958046,0.007504800778033172,0.5925925925925926,0.01849698735368388,0.6424581005586593,-0.002489141007725834,0.4008,-0.007269164791490771
comm_net|pct26>=0.15,2023+,8,54,5.0,0.02641421718868983,0.018144405773568684,0.6111111111111112,0.04127644240856628,0.68,-0.01486222521987645,0.496,-0.014287596424684154
comm_net|pct26>=0.15,2023+,13,54,5.0,0.054506422089547195,0.053761822223672984,0.7777777777777778,0.07129724925888474,0.8058823529411765,-0.016790827169337545,0.4432,-0.016809888551846452
comm_net|pct26>=0.15,2023+,26,54,5.0,0.10746471191493424,0.137849792114084,0.8518518518518519,0.16260157757521554,0.9235668789808917,-0.055136865660281295,0.488,-0.02322648774962885
comm_net|pct26>=0.15,2020-22,4,13,3.0,0.0038939066763432105,-0.012941693404998844,0.46153846153846156,0.00588844866049347,0.5448717948717948,-0.0019945419841502594,0.6294,-0.014895639575740121
comm_net|pct26>=0.15,2020-22,8,13,3.0,-0.018309083486331295,-0.036500657065465125,0.3076923076923077,0.010290132803350205,0.532051282051282,-0.028599216289681498,0.8794,-0.03197024116698038
comm_net|pct26>=0.15,2020-22,13,13,3.0,-0.005442722091323391,-0.018678670726863467,0.38461538461538464,0.0175371595730731,0.5384615384615384,-0.02297988166439649,0.8022,-0.047212475066528856
comm_net|pct26>=0.15,2020-22,26,13,3.0,-0.055246123912991926,-0.07952866410697745,0.38461538461538464,0.03134070603275328,0.6025641025641025,-0.08658682994574521,0.9614,-0.08062504805101268
comm_net_abs|z4>=2.0,ALL,4,7,4.0,-0.009107235382844478,-0.019554507812736044,0.42857142857142855,0.01262554843983999,0.5970149253731343,-0.021732783822684468,0.8492,-0.016985422743769414
comm_net_abs|z4>=2.0,ALL,8,7,4.0,-0.01814604535307074,-0.029741147400514145,0.14285714285714285,0.026672622775896472,0.6102719033232629,-0.04481866812896721,0.9274,-0.026701036964476645
comm_net_abs|z4>=2.0,ALL,13,7,4.0,-0.017386341633306785,-0.025510178175189524,0.2857142857142857,0.045571562169968736,0.6779141104294478,-0.06295790380327553,0.9114,-0.0424821773749947
comm_net_abs|z4>=2.0,ALL,26,7,4.0,-0.032140453536943024,-0.06127215765127636,0.2857142857142857,0.09718082370740687,0.7635782747603834,-0.12932127724434989,0.9726,-0.06829541128360904
comm_net_abs|z4>=2.0,2023+,4,3,2.0,0.016188418680083805,0.010226412986630518,1.0,0.01849698735368388,0.6424581005586593,-0.0023085686736000754,0.464,0.005419294014767225
comm_net_abs|z4>=2.0,2023+,8,3,2.0,0.004588823509899383,-0.011521217014232699,0.3333333333333333,0.04127644240856628,0.68,-0.036687618898666896,0.6696,-0.006692259208096722
comm_net_abs|z4>=2.0,2023+,13,3,2.0,-0.009784557945021052,-0.025510178175189524,0.3333333333333333,0.07129724925888474,0.8058823529411765,-0.08108180720390579,0.7976,-0.017298493975118068
comm_net_abs|z4>=2.0,2023+,26,3,2.0,0.022970347749725766,-0.06127215765127636,0.3333333333333333,0.16260157757521554,0.9235668789808917,-0.13963122982548978,0.7246,-0.042352751499568374
comm_net_abs|z4>=2.0,2020-22,4,4,2.0,-0.02807897593004069,-0.02451516841258644,0.0,0.00588844866049347,0.5448717948717948,-0.03396742459053416,0.8988,-0.033788960312671895
comm_net_abs|z4>=2.0,2020-22,8,4,2.0,-0.03519719700029833,-0.03686192194099963,0.0,0.010290132803350205,0.532051282051282,-0.04548732980364854,0.8988,-0.04170762028176159
comm_net_abs|z4>=2.0,2020-22,13,4,2.0,-0.023087679399521083,-0.030064211817146247,0.25,0.0175371595730731,0.5384615384615384,-0.04062483897259418,0.8666,-0.06136993992490217
comm_net_abs|z4>=2.0,2020-22,26,4,2.0,-0.07347355450194462,-0.07935781308685319,0.25,0.03134070603275328,0.6025641025641025,-0.1048142605346979,0.9788240131578947,-0.08775240612163954
comm_net_abs|z4>=1.5,ALL,4,22,11.0,0.011894092623775191,0.004506378084940699,0.6363636363636364,0.01262554843983999,0.5970149253731343,-0.000731455816064798,0.5112,-0.01165673055598289
comm_net_abs|z4>=1.5,ALL,8,22,11.0,0.02696907256917397,0.01534758383999979,0.5454545454545454,0.026672622775896472,0.6102719033232629,0.0002964497932774965,0.4122,-0.015772129628917667
comm_net_abs|z4>=1.5,ALL,13,22,11.0,0.03360709487958188,0.014218349680784725,0.5454545454545454,0.045571562169968736,0.6779141104294478,-0.01196446729038686,0.615,-0.02279202736786412
comm_net_abs|z4>=1.5,ALL,26,22,11.0,0.07241924522579285,0.07342527650805797,0.5909090909090909,0.09718082370740687,0.7635782747603834,-0.02476157848161402,0.644,-0.034159557132587524
comm_net_abs|z4>=1.5,2023+,4,11,6.0,0.04021100937427514,0.020982894224344184,0.9090909090909091,0.01849698735368388,0.6424581005586593,0.021714022020591257,0.065,0.0012987914549882553
comm_net_abs|z4>=1.5,2023+,8,11,6.0,0.04824111155731996,0.05502883494444499,0.6363636363636364,0.04127644240856628,0.68,0.006964669148753676,0.2104,-0.003642557188732702
comm_net_abs|z4>=1.5,2023+,13,11,6.0,0.07201037330972614,0.04417575388678552,0.6363636363636364,0.07129724925888474,0.8058823529411765,0.0007131240508413961,0.2286,-0.010404007936568977
comm_net_abs|z4>=1.5,2023+,26,11,6.0,0.13699347831758524,0.17513696761444653,0.6363636363636364,0.16260157757521554,0.9235668789808917,-0.0256080992576303,0.3152,-0.022255590535214583
comm_net_abs|z4>=1.5,2020-22,4,11,5.0,-0.016422824126724758,-0.019554507812736044,0.36363636363636365,0.00588844866049347,0.5448717948717948,-0.022311272787218228,0.949,-0.024612252566954037
comm_net_abs|z4>=1.5,2020-22,8,11,5.0,0.005697033581027981,-0.015257084033158175,0.45454545454545453,0.010290132803350205,0.532051282051282,-0.004593099222322224,0.7436,-0.027901702069102637
comm_net_abs|z4>=1.5,2020-22,13,11,5.0,-0.004796183550562378,-0.0027911243364787675,0.45454545454545453,0.0175371595730731,0.5384615384615384,-0.022333343123635475,0.8634,-0.035180046799159266
comm_net_abs|z4>=1.5,2020-22,26,11,5.0,0.007845012134000472,5.417998591328299e-06,0.5454545454545454,0.03134070603275328,0.6025641025641025,-0.02349569389875281,0.841,-0.04606352372996047
comm_net_abs|z1>=2.0,ALL,4,7,7.0,0.009409835611688242,0.008173345337672222,0.5714285714285714,0.01262554843983999,0.5970149253731343,-0.0032157128281517476,0.5706,-0.012589668814479775
comm_net_abs|z1>=2.0,ALL,8,7,7.0,0.029743237592508076,0.019243778080670237,0.7142857142857143,0.026672622775896472,0.6102719033232629,0.003070614816611604,0.4178,-0.02124532802154571
comm_net_abs|z1>=2.0,ALL,13,7,7.0,0.043040735686890916,0.024448483012771804,0.5714285714285714,0.045571562169968736,0.6779141104294478,-0.0025308264830778207,0.5292,-0.022979578594643772
comm_net_abs|z1>=2.0,ALL,26,7,7.0,0.12916511906194492,0.1293740041234288,0.7142857142857143,0.09718082370740687,0.7635782747603834,0.03198429535453805,0.3154,-0.0281439608362724
comm_net_abs|z1>=2.0,2023+,4,4,4.0,0.0168258652132931,0.004000853091876089,0.5,0.01849698735368388,0.6424581005586593,-0.0016711221403907794,0.4142,-0.016183453315238516
comm_net_abs|z1>=2.0,2023+,8,4,4.0,0.0416843595146994,0.037879216161585516,1.0,0.04127644240856628,0.68,0.0004079171061331169,0.2798,-0.016183453315238516
comm_net_abs|z1>=2.0,2023+,13,4,4.0,0.07149609040608168,0.03857892696230836,0.75,0.07129724925888474,0.8058823529411765,0.00019884114719694035,0.2656,-0.01903657955695831
comm_net_abs|z1>=2.0,2023+,26,4,4.0,0.19780443804666828,0.17664776806980653,0.75,0.16260157757521554,0.9235668789808917,0.03520286047145274,0.106,-0.02624798502027384
comm_net_abs|z1>=2.0,2020-22,4,3,3.0,-0.0004782038571182386,0.018235498436957265,0.6666666666666666,0.00588844866049347,0.5448717948717948,-0.006366652517611708,0.6636,-0.007797956146801455
comm_net_abs|z1>=2.0,2020-22,8,3,3.0,0.013821741696252979,-0.018734803751302542,0.3333333333333333,0.010290132803350205,0.532051282051282,0.0035316088929027746,0.605,-0.02799449429662197
comm_net_abs|z1>=2.0,2020-22,13,3,3.0,0.005100262727969891,-0.0028803604473408573,0.3333333333333333,0.0175371595730731,0.5384615384615384,-0.012436896845103209,0.806,-0.02823691064489105
comm_net_abs|z1>=2.0,2020-22,26,3,3.0,0.03764602708231376,0.011825937825633792,0.6666666666666666,0.03134070603275328,0.6025641025641025,0.006305321049560476,0.7236,-0.030671928590937148
comm_net_abs|pct13>=0.1,ALL,4,81,14.0,0.014697338528903989,0.00943680689724502,0.5679012345679012,0.01262554843983999,0.5970149253731343,0.0020717900890639997,0.3628,-0.010017254489871678
comm_net_abs|pct13>=0.1,ALL,8,81,14.0,0.02183661518979892,0.013898080741231,0.5679012345679012,0.026672622775896472,0.6102719033232629,-0.004836007586097552,0.5926,-0.018333043377288288
comm_net_abs|pct13>=0.1,ALL,13,81,14.0,0.038203751211739315,0.02990929772460582,0.6666666666666666,0.045571562169968736,0.6779141104294478,-0.007367810958229422,0.6024,-0.0246988840995557
comm_net_abs|pct13>=0.1,ALL,26,79,14.0,0.0860225924804032,0.09169036863532432,0.7088607594936709,0.09718082370740687,0.7635782747603834,-0.01115823122700367,0.5708,-0.03613047325813713
comm_net_abs|pct13>=0.1,2023+,4,56,9.0,0.02186567933885668,0.009618468517585521,0.5892857142857143,0.01849698735368388,0.6424581005586593,0.003368691985172801,0.2092,-0.006946881288046735
comm_net_abs|pct13>=0.1,2023+,8,56,9.0,0.03438522628176325,0.022114214448099467,0.625,0.04127644240856628,0.68,-0.006891216126803032,0.316,-0.013593465310081196
comm_net_abs|pct13>=0.1,2023+,13,56,9.0,0.05799973633158802,0.04284710977438211,0.7857142857142857,0.07129724925888474,0.8058823529411765,-0.013297512927296723,0.395,-0.018446138969507704
comm_net_abs|pct13>=0.1,2023+,26,54,9.0,0.1342655593652138,0.14286247564169496,0.8333333333333334,0.16260157757521554,0.9235668789808917,-0.02833601821000173,0.4106,-0.025608043444925073
comm_net_abs|pct13>=0.1,2020-22,4,25,6.0,-0.0013597448853900395,0.004419567241359834,0.52,0.00588844866049347,0.5448717948717948,-0.007248193545883509,0.815,-0.01689489046195955
comm_net_abs|pct13>=0.1,2020-22,8,25,6.0,-0.0062722736562011725,-0.015257084033158175,0.44,0.010290132803350205,0.532051282051282,-0.016562406459551378,0.8726,-0.028949698247832174
comm_net_abs|pct13>=0.1,2020-22,13,25,6.0,-0.006139255456721777,-0.0060072994355404585,0.4,0.0175371595730731,0.5384615384615384,-0.023676415029794878,0.8798,-0.03870503319086323
comm_net_abs|pct13>=0.1,2020-22,26,25,6.0,-0.018182215990787762,-0.022173668498247756,0.44,0.03134070603275328,0.6025641025641025,-0.04952292202354104,0.9376,-0.05885892165467517
comm_net_abs|pct13>=0.15,ALL,4,61,13.0,0.007867504133176882,0.0020365775390258634,0.5081967213114754,0.01262554843983999,0.5970149253731343,-0.004758044306663108,0.6344,-0.013543020636341507
comm_net_abs|pct13>=0.15,ALL,8,61,13.0,0.012503674570573907,0.002595318520866474,0.5081967213114754,0.026672622775896472,0.6102719033232629,-0.014168948205322565,0.7008,-0.02091796137215538
comm_net_abs|pct13>=0.15,ALL,13,61,13.0,0.030299540894728492,0.029554706322173274,0.6721311475409836,0.045571562169968736,0.6779141104294478,-0.015272021275240244,0.6092,-0.02677070327137962
comm_net_abs|pct13>=0.15,ALL,26,60,13.0,0.06844497792611358,0.07553589086746182,0.7,0.09718082370740687,0.7635782747603834,-0.02873584578129329,0.6268,-0.0389215276175668
comm_net_abs|pct13>=0.15,2023+,4,42,10.0,0.010692485759241513,0.0009593400923748052,0.5,0.01849698735368388,0.6424581005586593,-0.007804501594442367,0.5136,-0.011566844072340033
comm_net_abs|pct13>=0.15,2023+,8,42,10.0,0.019024710845686157,0.011851828048392798,0.5476190476190477,0.04127644240856628,0.68,-0.022251731562880125,0.5754,-0.018024923424930596
comm_net_abs|pct13>=0.15,2023+,13,42,10.0,0.041637290420801616,0.03083651371735663,0.7619047619047619,0.07129724925888474,0.8058823529411765,-0.029659958838083124,0.5174,-0.02304959225752184
comm_net_abs|pct13>=0.15,2023+,26,41,10.0,0.10471814567140798,0.13316156333449936,0.8048780487804879,0.16260157757521554,0.9235668789808917,-0.057883431903807556,0.4928,-0.03230969017648514
comm_net_abs|pct13>=0.15,2020-22,4,19,4.0,0.0016228079071392769,0.00943680689724502,0.5263157894736842,0.00588844866049347,0.5448717948717948,-0.004265640753354193,0.6864,-0.017911410935713187
comm_net_abs|pct13>=0.15,2020-22,8,19,4.0,-0.0019112477217794889,-0.015257084033158175,0.42105263157894735,0.010290132803350205,0.532051282051282,-0.012201380525129693,0.812,-0.027313097887073316
comm_net_abs|pct13>=0.15,2020-22,13,19,4.0,0.005237147205514212,-0.0028803604473408573,0.47368421052631576,0.0175371595730731,0.5384615384615384,-0.012300012367558889,0.823,-0.03499631709148629
comm_net_abs|pct13>=0.15,2020-22,26,19,4.0,-0.009828699840048019,-0.019152486528425827,0.47368421052631576,0.03134070603275328,0.6025641025641025,-0.0411694058728013,0.8874,-0.05318917683253249
comm_net_abs|pct26>=0.15,ALL,4,67,7.0,0.013657380439913377,0.006931943247647343,0.5671641791044776,0.01262554843983999,0.5970149253731343,0.0010318320000733874,0.4296,-0.008748928555598853
comm_net_abs|pct26>=0.15,ALL,8,67,7.0,0.017736561833834985,0.012959283532516963,0.5522388059701493,0.026672622775896472,0.6102719033232629,-0.008936060942061487,0.6102,-0.017718557344831184
comm_net_abs|pct26>=0.15,ALL,13,67,7.0,0.04287449859176634,0.04188312851563891,0.7014925373134329,0.045571562169968736,0.6779141104294478,-0.0026970635782023952,0.5144,-0.0227088978755908
comm_net_abs|pct26>=0.15,ALL,26,67,7.0,0.0758939527244411,0.12686554332874822,0.7611940298507462,0.09718082370740687,0.7635782747603834,-0.021286870982965764,0.5958,-0.03436352183795706
comm_net_abs|pct26>=0.15,2023+,4,54,5.0,0.016007846345958046,0.007504800778033172,0.5925925925925926,0.01849698735368388,0.6424581005586593,-0.002489141007725834,0.4118,-0.007269164791490771
comm_net_abs|pct26>=0.15,2023+,8,54,5.0,0.02641421718868983,0.018144405773568684,0.6111111111111112,0.04127644240856628,0.68,-0.01486222521987645,0.4786,-0.014287596424684154
comm_net_abs|pct26>=0.15,2023+,13,54,5.0,0.054506422089547195,0.053761822223672984,0.7777777777777778,0.07129724925888474,0.8058823529411765,-0.016790827169337545,0.4406,-0.016809888551846452
comm_net_abs|pct26>=0.15,2023+,26,54,5.0,0.10746471191493424,0.137849792114084,0.8518518518518519,0.16260157757521554,0.9235668789808917,-0.055136865660281295,0.4866,-0.02322648774962885
comm_net_abs|pct26>=0.15,2020-22,4,13,3.0,0.0038939066763432105,-0.012941693404998844,0.46153846153846156,0.00588844866049347,0.5448717948717948,-0.0019945419841502594,0.6162,-0.014895639575740121
comm_net_abs|pct26>=0.15,2020-22,8,13,3.0,-0.018309083486331295,-0.036500657065465125,0.3076923076923077,0.010290132803350205,0.532051282051282,-0.028599216289681498,0.8918,-0.03197024116698038
comm_net_abs|pct26>=0.15,2020-22,13,13,3.0,-0.005442722091323391,-0.018678670726863467,0.38461538461538464,0.0175371595730731,0.5384615384615384,-0.02297988166439649,0.8184,-0.047212475066528856
comm_net_abs|pct26>=0.15,2020-22,26,13,3.0,-0.055246123912991926,-0.07952866410697745,0.38461538461538464,0.03134070603275328,0.6025641025641025,-0.08658682994574521,0.9602,-0.08062504805101268
comm_gross|z4>=2.0,ALL,4,13,6.0,0.022565498662282926,0.010226412986630518,0.6923076923076923,0.01262554843983999,0.5970149253731343,0.009939950222442937,0.2256,-0.0009817500906696291
comm_gross|z4>=2.0,ALL,8,13,6.0,0.015884804857699445,-0.011521217014232699,0.38461538461538464,0.026672622775896472,0.6102719033232629,-0.010787817918197027,0.5814,-0.011667075280520143
comm_gross|z4>=2.0,ALL,13,13,6.0,0.024572872441063577,-0.0028803604473408573,0.46153846153846156,0.045571562169968736,0.6779141104294478,-0.02099868972890516,0.603,-0.02235033616209568
comm_gross|z4>=2.0,ALL,26,13,6.0,0.02774951809599215,-0.027066772454151677,0.46153846153846156,0.09718082370740687,0.7635782747603834,-0.06943130561141472,0.8476,-0.0429337153811434
comm_gross|z4>=2.0,2023+,4,8,4.0,0.047295025330027635,0.03398128982651416,1.0,0.01849698735368388,0.6424581005586593,0.028798037976343754,0.0934,0.015081121327252742
comm_gross|z4>=2.0,2023+,8,8,4.0,0.05051023288786621,0.06701133698712969,0.625,0.04127644240856628,0.68,0.009233790479299932,0.2396,0.00899363930399101
comm_gross|z4>=2.0,2023+,13,8,4.0,0.05670386182416505,0.05699942309297634,0.625,0.07129724925888474,0.8058823529411765,-0.01459338743471969,0.389,0.0014645001930010532
comm_gross|z4>=2.0,2023+,26,8,4.0,0.09782162749359023,0.1800335206624859,0.625,0.16260157757521554,0.9235668789808917,-0.0647799500816253,0.508,-0.009899201096907576
comm_gross|z4>=2.0,2020-22,4,5,2.0,-0.01700174400610861,-0.023175647547392098,0.2,0.00588844866049347,0.5448717948717948,-0.02289019266660208,0.8376,-0.02668234435934542
comm_gross|z4>=2.0,2020-22,8,5,2.0,-0.03951587999056738,-0.03722318681653414,0.0,0.010290132803350205,0.532051282051282,-0.04980601279391759,0.9352,-0.044724218615737985
comm_gross|z4>=2.0,2020-22,13,5,2.0,-0.02683671057189878,-0.04183283526140957,0.2,0.0175371595730731,0.5384615384615384,-0.04437387014497188,0.8978,-0.06045407433025045
comm_gross|z4>=2.0,2020-22,26,5,2.0,-0.08436585694016478,-0.12793506669304544,0.2,0.03134070603275328,0.6025641025641025,-0.11570656297291806,0.9936566400654798,-0.09578893823592072
comm_gross|z4>=1.5,ALL,4,19,10.0,0.02574365673021294,0.020982894224344184,0.6842105263157895,0.01262554843983999,0.5970149253731343,0.01311810829037295,0.1574,-0.005290902481593175
comm_gross|z4>=1.5,ALL,8,19,10.0,0.03125328513016967,0.026194056941347243,0.5263157894736842,0.026672622775896472,0.6102719033232629,0.0045806623542732,0.3576,-0.012601914453596158
comm_gross|z4>=1.5,ALL,13,19,10.0,0.045873574120787665,0.031763729710107436,0.5789473684210527,0.045571562169968736,0.6779141104294478,0.0003020119508189284,0.446,-0.019948993313611142
comm_gross|z4>=1.5,ALL,26,19,10.0,0.058809949020131654,0.015998547943784747,0.5789473684210527,0.09718082370740687,0.7635782747603834,-0.038370874687275215,0.7072,-0.03440882931510196
comm_gross|z4>=1.5,2023+,4,12,6.0,0.05103088817683729,0.04581205243812658,0.9166666666666666,0.01849698735368388,0.6424581005586593,0.03253390082315341,0.0522,0.007756357644413754
comm_gross|z4>=1.5,2023+,8,12,6.0,0.06100108099540186,0.08149464747099389,0.75,0.04127644240856628,0.68,0.019724638586835576,0.1452,0.0036980362955726007
comm_gross|z4>=1.5,2023+,13,12,6.0,0.08392101475799962,0.07705849896281125,0.75,0.07129724925888474,0.8058823529411765,0.012623765499114883,0.1928,-0.0013213897784207045
comm_gross|z4>=1.5,2023+,26,12,6.0,0.11908306654069352,0.1800335206624859,0.75,0.16260157757521554,0.9235668789808917,-0.04351851103452202,0.3662,-0.00889719063835979
comm_gross|z4>=1.5,2020-22,4,7,4.0,-0.01760588289257167,-0.023175647547392098,0.2857142857142857,0.00588844866049347,0.5448717948717948,-0.02349433155306514,0.915,-0.027657634126176483
comm_gross|z4>=1.5,2020-22,8,7,4.0,-0.0197429363530855,-0.03722318681653414,0.14285714285714285,0.010290132803350205,0.532051282051282,-0.030033069156435707,0.9346,-0.040544687166456886
comm_gross|z4>=1.5,2020-22,13,7,4.0,-0.019350609828718533,-0.04183283526140957,0.2857142857142857,0.0175371595730731,0.5384615384615384,-0.03688776940179163,0.9186,-0.05188202794536618
comm_gross|z4>=1.5,2020-22,26,7,4.0,-0.04451539530083156,-0.028261860702121333,0.2857142857142857,0.03134070603275328,0.6025641025641025,-0.07585610133358484,0.9846,-0.07814306704665996
comm_gross|z1>=2.0,ALL,4,10,7.0,0.024718646234234486,0.030298712323280963,0.7,0.01262554843983999,0.5970149253731343,0.012093097794394497,0.2176,-0.008649140104540676
comm_gross|z1>=2.0,ALL,8,10,7.0,0.03573684680958008,0.039818296272581044,0.7,0.026672622775896472,0.6102719033232629,0.009064224033683607,0.378,-0.01058192337289381
comm_gross|z1>=2.0,ALL,13,10,7.0,0.04856545651058454,0.04013763584131813,0.6,0.045571562169968736,0.6779141104294478,0.0029938943406158033,0.4128,-0.021061773172581556
comm_gross|z1>=2.0,ALL,26,10,7.0,0.055837713900561435,0.06304066258843033,0.6,0.09718082370740687,0.7635782747603834,-0.041343109806845434,0.707,-0.03472792737748028
comm_gross|z1>=2.0,2023+,4,5,4.0,0.05514585877371072,0.06633196690986054,1.0,0.01849698735368388,0.6424581005586593,0.03664887142002684,0.0646,0.0008959920653800691
comm_gross|z1>=2.0,2023+,8,5,4.0,0.06822228901445442,0.07419072615923006,1.0,0.04127644240856628,0.68,0.026945846605888134,0.153,0.0008959920653800691
comm_gross|z1>=2.0,2023+,13,5,4.0,0.09683727755687302,0.08200128025530873,0.8,0.07129724925888474,0.8058823529411765,0.02554002829798828,0.1932,-0.0013865089279957664
comm_gross|z1>=2.0,2023+,26,5,4.0,0.1343944503050713,0.1464552110348627,0.8,0.16260157757521554,0.9235668789808917,-0.02820712727014424,0.3576,-0.007155633298648189
comm_gross|z1>=2.0,2020-22,4,5,3.0,-0.005708566305241747,-0.019554507812736044,0.4,0.00588844866049347,0.5448717948717948,-0.011597014965735217,0.7662,-0.01819427227446142
comm_gross|z1>=2.0,2020-22,8,5,3.0,0.0032514046047057432,-0.015257084033158175,0.4,0.010290132803350205,0.532051282051282,-0.007038728198644461,0.6764,-0.022059838811167687
comm_gross|z1>=2.0,2020-22,13,5,3.0,0.00029363546429606036,-0.0028803604473408573,0.4,0.0175371595730731,0.5384615384615384,-0.01724352410877704,0.7642,-0.040737037417167346
comm_gross|z1>=2.0,2020-22,26,5,3.0,-0.022719022503948416,-0.028261860702121333,0.4,0.03134070603275328,0.6025641025641025,-0.0540597285367017,0.8726,-0.06230022145631238
comm_gross|pct13>=0.1,ALL,4,50,13.0,0.01020961784336658,0.0026372109514907205,0.52,0.01262554843983999,0.5970149253731343,-0.002415930596473409,0.5268,-0.013260757195480932
comm_gross|pct13>=0.1,ALL,8,50,13.0,0.014180533740622113,0.005041179262764095,0.5,0.026672622775896472,0.6102719033232629,-0.01249208903527436,0.6814,-0.02168442312486249
comm_gross|pct13>=0.1,ALL,13,50,13.0,0.03362393151089676,0.027250881100252977,0.66,0.045571562169968736,0.6779141104294478,-0.011947630659071978,0.5734,-0.02779983913403038
comm_gross|pct13>=0.1,ALL,26,49,13.0,0.08435006959795657,0.1293740041234288,0.7142857142857143,0.09718082370740687,0.7635782747603834,-0.012830754109450296,0.5302,-0.038518580461010574
comm_gross|pct13>=0.1,2023+,4,41,9.0,0.014881153420700231,0.004593188928521563,0.5609756097560976,0.01849698735368388,0.6424581005586593,-0.0036158339329836493,0.3774,-0.011456188131964893
comm_gross|pct13>=0.1,2023+,8,41,9.0,0.021489966005331197,0.013484290801216492,0.5609756097560976,0.04127644240856628,0.68,-0.019786476403235085,0.5524,-0.018127670838738508
comm_gross|pct13>=0.1,2023+,13,41,9.0,0.046381892920405995,0.02990929772460582,0.7560975609756098,0.07129724925888474,0.8058823529411765,-0.024915356338478745,0.4606,-0.02224088158536654
comm_gross|pct13>=0.1,2023+,26,40,9.0,0.11709717573473691,0.137849792114084,0.825,0.16260157757521554,0.9235668789808917,-0.04550440184047863,0.4166,-0.027124822636770657
comm_gross|pct13>=0.1,2020-22,4,9,4.0,-0.011071822008931162,-0.019554507812736044,0.3333333333333333,0.00588844866049347,0.5448717948717948,-0.016960270669424633,0.864,-0.02148157181816511
comm_gross|pct13>=0.1,2020-22,8,9,4.0,-0.019117991020830387,-0.03722318681653414,0.2222222222222222,0.010290132803350205,0.532051282051282,-0.029408123824180593,0.9096,-0.037887405761649506
comm_gross|pct13>=0.1,2020-22,13,9,4.0,-0.024495670465756403,-0.04183283526140957,0.2222222222222222,0.0175371595730731,0.5384615384615384,-0.0420328300388295,0.9442,-0.053123979077943445
comm_gross|pct13>=0.1,2020-22,26,9,4.0,-0.0611926243432894,-0.07952866410697745,0.2222222222222222,0.03134070603275328,0.6025641025641025,-0.09253333037604268,0.9838,-0.08915750412429906
comm_gross|pct13>=0.15,ALL,4,29,10.0,0.016518937904883714,0.006931943247647343,0.5862068965517241,0.01262554843983999,0.5970149253731343,0.0038933894650437246,0.3186,-0.008918135423732466
comm_gross|pct13>=0.15,ALL,8,29,10.0,0.01467273901617329,-0.0007813573293035114,0.4482758620689655,0.026672622775896472,0.6102719033232629,-0.011999883759723181,0.6668,-0.017769641481291638
comm_gross|pct13>=0.15,ALL,13,29,10.0,0.02065668586421113,0.021199599620152387,0.6206896551724138,0.045571562169968736,0.6779141104294478,-0.024914876305757606,0.7204,-0.025320371836605907
comm_gross|pct13>=0.15,ALL,26,29,10.0,0.061896740312338175,0.12349212938603893,0.6206896551724138,0.09718082370740687,0.7635782747603834,-0.035284083395068694,0.6104,-0.042369648408095
comm_gross|pct13>=0.15,2023+,4,21,6.0,0.02547450182094068,0.009708737864077666,0.6666666666666666,0.01849698735368388,0.6424581005586593,0.0069775144672568,0.1858,-0.005191563809857588
comm_gross|pct13>=0.15,2023+,8,21,6.0,0.026717652075763515,0.013484290801216492,0.5238095238095238,0.04127644240856628,0.68,-0.014558790332802767,0.434,-0.010384000484993609
comm_gross|pct13>=0.15,2023+,13,21,6.0,0.038886883990789975,0.026523217474927696,0.7619047619047619,0.07129724925888474,0.8058823529411765,-0.032410365268094765,0.5318,-0.014281239554396863
comm_gross|pct13>=0.15,2023+,26,21,6.0,0.11035605844977574,0.1392232792966066,0.7619047619047619,0.16260157757521554,0.9235668789808917,-0.0522455191254398,0.4344,-0.022382539323729397
comm_gross|pct13>=0.15,2020-22,4,8,4.0,-0.006989417374765827,-0.016248100608867444,0.375,0.00588844866049347,0.5448717948717948,-0.012877866035259297,0.7744,-0.01870038591015402
comm_gross|pct13>=0.15,2020-22,8,8,4.0,-0.016945157765251045,-0.037272513620411174,0.25,0.010290132803350205,0.532051282051282,-0.02723529056860125,0.8544,-0.037156949096573966
comm_gross|pct13>=0.15,2020-22,13,8,4.0,-0.027197584218058346,-0.0477001390800017,0.25,0.0175371595730731,0.5384615384615384,-0.044734743791131446,0.9136,-0.05429809407740464
comm_gross|pct13>=0.15,2020-22,26,8,4.0,-0.06530896979843541,-0.10373186540001145,0.25,0.03134070603275328,0.6025641025641025,-0.09664967583118869,0.9704,-0.0948358097545547
comm_gross|pct26>=0.15,ALL,4,34,7.0,0.008727352043837863,-0.004011666160113503,0.4411764705882353,0.01262554843983999,0.5970149253731343,-0.0038981963960021265,0.5724,-0.012553193210746383
comm_gross|pct26>=0.15,ALL,8,34,7.0,0.009057480202387209,-0.0008567410382970819,0.4411764705882353,0.026672622775896472,0.6102719033232629,-0.01761514257350926,0.695,-0.02253484816560533
comm_gross|pct26>=0.15,ALL,13,34,7.0,0.02459981533184005,0.02386140854754004,0.5588235294117647,0.045571562169968736,0.6779141104294478,-0.020971746838128687,0.6448,-0.030387898912331245
comm_gross|pct26>=0.15,ALL,26,34,7.0,0.049671064050353486,0.023608412404879098,0.6470588235294118,0.09718082370740687,0.7635782747603834,-0.04750975965705338,0.6772,-0.04992765710656538
comm_gross|pct26>=0.15,2023+,4,28,5.0,0.011229030295398405,-0.0021849556732805864,0.4642857142857143,0.01849698735368388,0.6424581005586593,-0.007267957058285476,0.5464,-0.012049899963237612
comm_gross|pct26>=0.15,2023+,8,28,5.0,0.017960515517300425,0.0035524482284312042,0.5,0.04127644240856628,0.68,-0.023315926891265857,0.5852,-0.018897177212303495
comm_gross|pct26>=0.15,2023+,13,28,5.0,0.037596559967339016,0.029146738287056162,0.6428571428571429,0.07129724925888474,0.8058823529411765,-0.033700689291545724,0.5574,-0.023560986941654854
comm_gross|pct26>=0.15,2023+,26,28,5.0,0.08291105191766088,0.09368207250339577,0.75,0.16260157757521554,0.9235668789808917,-0.07969052565755466,0.5564,-0.03596109434763577
comm_gross|pct26>=0.15,2020-22,4,6,2.0,-0.0029471464634446645,-0.016248100608867444,0.3333333333333333,0.00588844866049347,0.5448717948717948,-0.008835595123938134,0.7048,-0.014901895032453982
comm_gross|pct26>=0.15,2020-22,8,6,2.0,-0.03249001793387446,-0.04451552345128501,0.16666666666666666,0.010290132803350205,0.532051282051282,-0.042780150737224666,0.8792,-0.03951064594768058
comm_gross|pct26>=0.15,2020-22,13,6,2.0,-0.03605165963382182,-0.049540449224180605,0.16666666666666666,0.0175371595730731,0.5384615384615384,-0.05358881920689492,0.871,-0.062246821442154356
comm_gross|pct26>=0.15,2020-22,26,6,2.0,-0.10544887933041437,-0.12919441608231524,0.16666666666666666,0.03134070603275328,0.6025641025641025,-0.13678958536316765,0.978448275862069,-0.11510494998157024
comm_short_%OI|z4>=2.0,ALL,4,10,6.0,-0.011858785862738353,-0.0043799141817586484,0.5,0.01262554843983999,0.5970149253731343,-0.02448433430257834,0.9134,-0.02689557756416223
comm_short_%OI|z4>=2.0,ALL,8,9,6.0,0.018711537388136776,0.03802588096536219,0.5555555555555556,0.026672622775896472,0.6102719033232629,-0.007961085387759696,0.608,-0.026075795802344242
comm_short_%OI|z4>=2.0,ALL,13,9,6.0,0.03772985374418073,0.03201208218163165,0.7777777777777778,0.045571562169968736,0.6779141104294478,-0.007841708425788005,0.5854,-0.026190280379974198
comm_short_%OI|z4>=2.0,ALL,26,9,6.0,0.12637834974237916,0.09068352007833269,0.8888888888888888,0.09718082370740687,0.7635782747603834,0.02919752603497229,0.2496,-0.02698094791837238
comm_short_%OI|z4>=2.0,2023+,4,4,3.0,-0.013206096871394235,-0.0043799141817586484,0.5,0.01849698735368388,0.6424581005586593,-0.031703084225078115,0.8428,-0.031979933007444145
comm_short_%OI|z4>=2.0,2023+,8,3,3.0,0.03978378137750275,0.06297788936706827,0.6666666666666666,0.04127644240856628,0.68,-0.001492661031063533,0.3458,-0.012790217578642035
comm_short_%OI|z4>=2.0,2023+,13,3,3.0,0.09535128957147831,0.10501885918098353,1.0,0.07129724925888474,0.8058823529411765,0.024054040312593575,0.1772,-0.012790217578642035
comm_short_%OI|z4>=2.0,2023+,26,3,3.0,0.2736801184739403,0.27966665020682413,1.0,0.16260157757521554,0.9235668789808917,0.11107854089872476,0.0428,-0.012790217578642035
comm_short_%OI|z4>=2.0,2020-22,4,6,3.0,-0.010960578523634431,-0.013389199134058227,0.5,0.00588844866049347,0.5448717948717948,-0.016849027184127903,0.82,-0.023506007268640956
comm_short_%OI|z4>=2.0,2020-22,8,6,3.0,0.008175415393453789,-0.0014019661263244276,0.5,0.010290132803350205,0.532051282051282,-0.0021147174098964158,0.6422,-0.032718584914195346
comm_short_%OI|z4>=2.0,2020-22,13,6,3.0,0.008919135830531943,0.0169960374949496,0.6666666666666666,0.0175371595730731,0.5384615384615384,-0.008618023742541156,0.736,-0.03289031178064028
comm_short_%OI|z4>=2.0,2020-22,26,6,3.0,0.052727465376598594,0.06887287803796727,0.8333333333333334,0.03134070603275328,0.6025641025641025,0.02138675934384531,0.635,-0.03407631308823755
comm_short_%OI|z4>=1.5,ALL,4,22,11.0,-0.011139531652168083,-0.004043074708086736,0.5,0.01262554843983999,0.5970149253731343,-0.023765080092008072,0.9558,-0.022964594956489556
comm_short_%OI|z4>=1.5,ALL,8,20,11.0,0.019360192163052466,0.020388500402186205,0.6,0.026672622775896472,0.6102719033232629,-0.007312430612844006,0.6022,-0.020266578590364803
comm_short_%OI|z4>=1.5,ALL,13,20,11.0,0.03673323211584041,0.037769154424542095,0.7,0.045571562169968736,0.6779141104294478,-0.008838330054128325,0.6366,-0.021922732659887607
comm_short_%OI|z4>=1.5,ALL,26,20,11.0,0.13318512131660942,0.11989700759921562,0.85,0.09718082370740687,0.7635782747603834,0.036004297609202554,0.1584,-0.024602191387343996
comm_short_%OI|z4>=1.5,2023+,4,12,6.0,-0.009200091186523485,0.0036849188649642484,0.5833333333333334,0.01849698735368388,0.6424581005586593,-0.027697078540207365,0.9,-0.0208849678303699
comm_short_%OI|z4>=1.5,2023+,8,10,6.0,0.030449766531960056,0.03484560132425507,0.7,0.04127644240856628,0.68,-0.010826675876606226,0.4032,-0.009031569649081838
comm_short_%OI|z4>=1.5,2023+,13,10,6.0,0.06816186449488733,0.06597139532447494,0.9,0.07129724925888474,0.8058823529411765,-0.003135384763997412,0.272,-0.011937349777907691
comm_short_%OI|z4>=1.5,2023+,26,10,6.0,0.21484134236778935,0.2473329444017106,0.9,0.16260157757521554,0.9235668789808917,0.052239764792573806,0.0682,-0.0158774290876341
comm_short_%OI|z4>=1.5,2020-22,4,10,5.0,-0.0134668602109416,-0.014413030878182687,0.4,0.00588844866049347,0.5448717948717948,-0.01935530887143507,0.867,-0.025460147507833143
comm_short_%OI|z4>=1.5,2020-22,8,10,5.0,0.008270617794144874,-0.004923283682613855,0.5,0.010290132803350205,0.532051282051282,-0.0020195150092053304,0.6974,-0.031501587531647765
comm_short_%OI|z4>=1.5,2020-22,13,10,5.0,0.005304599736793503,-0.0003396352418166271,0.5,0.0175371595730731,0.5384615384615384,-0.012232559836279596,0.7804,-0.031908115541867524
comm_short_%OI|z4>=1.5,2020-22,26,10,5.0,0.05152890026542952,0.06887287803796727,0.8,0.03134070603275328,0.6025641025641025,0.02018819423267624,0.654,-0.03332695368705389
comm_short_%OI|z1>=2.0,ALL,4,12,12.0,-0.012120138692575194,-0.007593947440297288,0.3333333333333333,0.01262554843983999,0.5970149253731343,-0.024745687132415185,0.983,-0.02523902301071392
comm_short_%OI|z1>=2.0,ALL,8,11,12.0,0.016957514750293036,0.02397991386560383,0.5454545454545454,0.026672622775896472,0.6102719033232629,-0.009715108025603436,0.7126,-0.024204166871191698
comm_short_%OI|z1>=2.0,ALL,13,11,12.0,0.03465049489224425,0.03676693146099197,0.6363636363636364,0.045571562169968736,0.6779141104294478,-0.010921067277724489,0.6562,-0.025628927364725055
comm_short_%OI|z1>=2.0,ALL,26,11,12.0,0.10587262121236289,0.12349212938603893,0.8181818181818182,0.09718082370740687,0.7635782747603834,0.008691797504956023,0.3556,-0.026271870419841428
comm_short_%OI|z1>=2.0,2023+,4,7,7.0,0.0004477868796592003,-0.00045543210194798345,0.42857142857142855,0.01849698735368388,0.6424581005586593,-0.01804920047402468,0.74,-0.016251394084668518
comm_short_%OI|z1>=2.0,2023+,8,6,7.0,0.0494041295895861,0.035475861211151316,0.8333333333333334,0.04127644240856628,0.68,0.008127687181019819,0.225,-0.002640645713930375
comm_short_%OI|z1>=2.0,2023+,13,6,7.0,0.07911432202640208,0.05872739086708445,1.0,0.07129724925888474,0.8058823529411765,0.007817072767517336,0.2068,-0.004692439590873805
comm_short_%OI|z1>=2.0,2023+,26,6,7.0,0.17386860480072686,0.16496176897662174,1.0,0.16260157757521554,0.9235668789808917,0.011267027225511317,0.1748,-0.004692439590873805
comm_short_%OI|z1>=2.0,2020-22,4,5,5.0,-0.029715234493703346,-0.03528179247727303,0.2,0.00588844866049347,0.5448717948717948,-0.03560368315419682,0.9784,-0.037821703507177486
comm_short_%OI|z1>=2.0,2020-22,8,5,5.0,-0.021978423056858643,-0.053200432959572885,0.2,0.010290132803350205,0.532051282051282,-0.032268555860208846,0.9478,-0.05008039225990528
comm_short_%OI|z1>=2.0,2020-22,13,5,5.0,-0.018706097668745158,-0.04255273085478917,0.2,0.0175371595730731,0.5384615384615384,-0.03624325724181826,0.9304,-0.05075271269334656
comm_short_%OI|z1>=2.0,2020-22,26,5,5.0,0.02427744090632613,0.01814720882609211,0.6,0.03134070603275328,0.6025641025641025,-0.007063265126427153,0.7876,-0.05216718741460258
comm_short_%OI|pct13>=0.1,ALL,4,24,5.0,0.008904459873050469,0.014668857517162515,0.5416666666666666,0.01262554843983999,0.5970149253731343,-0.0037210885667895207,0.6284,-0.011652182801576738
comm_short_%OI|pct13>=0.1,ALL,8,22,5.0,0.04282186899172595,0.031253628607851414,0.7727272727272727,0.026672622775896472,0.6102719033232629,0.01614924621582948,0.2694,-0.007720131903366164
comm_short_%OI|pct13>=0.1,ALL,13,22,5.0,0.11578832861457639,0.09366437565881891,1.0,0.045571562169968736,0.6779141104294478,0.07021676644460764,0.0346,-0.008298274089603153
comm_short_%OI|pct13>=0.1,ALL,26,22,5.0,0.2016744704504413,0.13763065880092362,1.0,0.09718082370740687,0.7635782747603834,0.10449364674303442,0.0632,-0.008298274089603153
comm_short_%OI|pct13>=0.1,2023+,4,18,5.0,-0.0034923231108581446,-0.0014904476394375088,0.3888888888888889,0.01849698735368388,0.6424581005586593,-0.021989310464542024,0.8228,-0.018703197464753882
comm_short_%OI|pct13>=0.1,2023+,8,16,5.0,0.042282792873105206,0.021258458382861445,0.75,0.04127644240856628,0.68,0.0010063504645389243,0.3146,-0.012286421701055726
comm_short_%OI|pct13>=0.1,2023+,13,16,5.0,0.13475241454497083,0.13338251828800685,1.0,0.07129724925888474,0.8058823529411765,0.0634551652860861,0.0222,-0.012616398983435306
comm_short_%OI|pct13>=0.1,2023+,26,16,5.0,0.24636675476276482,0.17209398128925524,1.0,0.16260157757521554,0.9235668789808917,0.08376517718754928,0.0216,-0.012616398983435306
comm_short_%OI|pct13>=0.1,2020-22,4,6,1.0,0.04609480882477631,0.04760719353622889,1.0,0.00588844866049347,0.5448717948717948,0.04020636016428284,0.155,0.009500861187954698
comm_short_%OI|pct13>=0.1,2020-22,8,6,1.0,0.04425940530804793,0.03915961384166833,0.8333333333333334,0.010290132803350205,0.532051282051282,0.03396927250469772,0.375656035526847,0.00445664089047267
comm_short_%OI|pct13>=0.1,2020-22,13,6,1.0,0.06521743280019117,0.05918669735537707,1.0,0.0175371595730731,0.5384615384615384,0.04768027322711807,0.3892644949805368,0.0032167256272825906
comm_short_%OI|pct13>=0.1,2020-22,26,6,1.0,0.08249504561757859,0.0869551261500241,1.0,0.03134070603275328,0.6025641025641025,0.051154339584825306,0.5013951491736424,0.0032167256272825906
comm_short_%OI|pct13>=0.15,ALL,4,11,4.0,0.00909726269491664,0.02499643803607543,0.6363636363636364,0.01262554843983999,0.5970149253731343,-0.0035282857449233495,0.5608,-0.01856494705638433
comm_short_%OI|pct13>=0.15,ALL,8,9,4.0,0.06617956707779372,0.0724813401706359,0.7777777777777778,0.026672622775896472,0.6102719033232629,0.03950694430189725,0.1184,-0.0032033379359046477
comm_short_%OI|pct13>=0.15,ALL,13,9,4.0,0.11918075252545873,0.08251925901865054,1.0,0.045571562169968736,0.6779141104294478,0.07360919035548999,0.0356,-0.0032033379359046477
comm_short_%OI|pct13>=0.15,ALL,26,9,4.0,0.21429629460604577,0.10946342575442403,1.0,0.09718082370740687,0.7635782747603834,0.1171154708986389,0.0386,-0.0032033379359046477
comm_short_%OI|pct13>=0.15,2023+,4,6,3.0,-0.0176094980931355,-0.010799095451072993,0.3333333333333333,0.01849698735368388,0.6424581005586593,-0.03610648544681938,0.884,-0.04115592308494681
comm_short_%OI|pct13>=0.15,2023+,8,4,3.0,0.08863526202554914,0.11457481565448513,0.75,0.04127644240856628,0.68,0.04735881961698286,0.073,-0.010321460131925725
comm_short_%OI|pct13>=0.15,2023+,13,4,3.0,0.19539295675701468,0.20129486465867252,1.0,0.07129724925888474,0.8058823529411765,0.12409570749812994,0.0122,-0.010321460131925725
comm_short_%OI|pct13>=0.15,2023+,26,4,3.0,0.37538535681553714,0.4018363053641695,1.0,0.16260157757521554,0.9235668789808917,0.2127837792403216,0.0114,-0.010321460131925725
comm_short_%OI|pct13>=0.15,2020-22,4,5,1.0,0.041145375640579206,0.038148275900437234,1.0,0.00588844866049347,0.5448717948717948,0.035256926980085736,0.2034,0.008544224177890646
comm_short_%OI|pct13>=0.15,2020-22,8,5,1.0,0.04821501111958939,0.040293346717974465,0.8,0.010290132803350205,0.532051282051282,0.03792487831623918,0.35581957309706,0.0024911598209122142
comm_short_%OI|pct13>=0.15,2020-22,13,5,1.0,0.05821098914021396,0.03877137738809222,1.0,0.0175371595730731,0.5384615384615384,0.040673829567140864,0.4302087597216537,0.0024911598209122142
comm_short_%OI|pct13>=0.15,2020-22,26,5,1.0,0.08542504483845267,0.09068352007833269,1.0,0.03134070603275328,0.6025641025641025,0.05408433880569939,0.5018252093622504,0.0024911598209122142
comm_short_%OI|pct26>=0.15,ALL,4,7,5.0,-0.0031998879655739903,0.010226412986630518,0.5714285714285714,0.01262554843983999,0.5970149253731343,-0.01582543640541398,0.7736,-0.02995879098364873
comm_short_%OI|pct26>=0.15,ALL,8,5,5.0,0.0625684679767012,0.05552548223023779,0.6,0.026672622775896472,0.6102719033232629,0.03589584520080472,0.1168,-0.01001866912953
comm_short_%OI|pct26>=0.15,ALL,13,5,5.0,0.1074933714855576,0.08078528896297055,0.8,0.045571562169968736,0.6779141104294478,0.06192180931558886,0.0484,-0.012816461361721366
comm_short_%OI|pct26>=0.15,ALL,26,5,5.0,0.2055384113587647,0.05206117750246686,0.8,0.09718082370740687,0.7635782747603834,0.10835758765135782,0.0072,-0.019968857256938734
comm_short_%OI|pct26>=0.15,2023+,4,6,4.0,-0.013244221155173078,0.002296735362814273,0.5,0.01849698735368388,0.6424581005586593,-0.031741208508856956,0.8738,-0.03877368943341412
comm_short_%OI|pct26>=0.15,2023+,8,4,4.0,0.08004426548836363,0.09657215536207808,0.75,0.04127644240856628,0.68,0.03876782307979735,0.0548,-0.01068965589442536
comm_short_%OI|pct26>=0.15,2023+,13,4,4.0,0.11446621002628152,0.13107131876720313,0.75,0.07129724925888474,0.8058823529411765,0.04316896076739678,0.0482,-0.014186896184664566
comm_short_%OI|pct26>=0.15,2023+,26,4,4.0,0.24390771982283913,0.23344638633680315,0.75,0.16260157757521554,0.9235668789808917,0.08130614224762359,0.0126,-0.023127391053686275
comm_short_%OI|pct26>=0.15,2020-22,4,1,1.0,0.05706611117202054,0.05706611117202054,1.0,0.00588844866049347,0.5448717948717948,0.05117766251152707,0.16626164439044147,0.0229305997149436
comm_short_%OI|pct26>=0.15,2020-22,8,1,1.0,-0.007334722069948563,-0.007334722069948563,0.0,0.010290132803350205,0.532051282051282,-0.01762485487329877,0.6585265750051303,-0.007334722069948563
comm_short_%OI|pct26>=0.15,2020-22,13,1,1.0,0.07960201732266192,0.07960201732266192,1.0,0.0175371595730731,0.5384615384615384,0.06206485774958882,0.3254893794252395,-0.007334722069948563
comm_short_%OI|pct26>=0.15,2020-22,26,1,1.0,0.05206117750246686,0.05206117750246686,1.0,0.03134070603275328,0.6025641025641025,0.020720471469713578,0.6006967123884172,-0.007334722069948563
comm_netabs_%OI|z4>=2.0,ALL,4,7,4.0,0.011479866910414518,0.015161582603443025,0.8571428571428571,0.01262554843983999,0.5970149253731343,-0.0011456815294254713,0.5272,-0.0022307978255960504
comm_netabs_%OI|z4>=2.0,ALL,8,7,4.0,0.058312661591024044,0.0724813401706359,0.8571428571428571,0.026672622775896472,0.6102719033232629,0.03164003881512757,0.1828,-0.004742456763242808
comm_netabs_%OI|z4>=2.0,ALL,13,7,4.0,0.07063480167758963,0.04417575388678552,1.0,0.045571562169968736,0.6779141104294478,0.025063239507620898,0.3256,-0.004742456763242808
comm_netabs_%OI|z4>=2.0,ALL,26,7,4.0,0.18824469502341337,0.21760324354437688,1.0,0.09718082370740687,0.7635782747603834,0.0910638713160065,0.1342,-0.004742456763242808
comm_netabs_%OI|z4>=2.0,2023+,4,4,2.0,0.020535257151235664,0.022809362839218195,1.0,0.01849698735368388,0.6424581005586593,0.002038269797551784,0.3828,0.0016367001233965894
comm_netabs_%OI|z4>=2.0,2023+,8,4,2.0,0.07426028101339388,0.07160144845882865,1.0,0.04127644240856628,0.68,0.0329838386048276,0.1758,0.0016367001233965894
comm_netabs_%OI|z4>=2.0,2023+,13,4,2.0,0.10710986364289915,0.11580790437152466,1.0,0.07129724925888474,0.8058823529411765,0.03581261438401441,0.1956,0.0016367001233965894
comm_netabs_%OI|z4>=2.0,2023+,26,4,2.0,0.26762592083338377,0.27968825342485704,1.0,0.16260157757521554,0.9235668789808917,0.10502434325816823,0.0664,0.0016367001233965894
comm_netabs_%OI|z4>=2.0,2020-22,4,3,2.0,-0.0005939867440136748,0.014583032069322321,0.6666666666666666,0.00588844866049347,0.5448717948717948,-0.006482435404507145,0.6654,-0.007387461757586237
comm_netabs_%OI|z4>=2.0,2020-22,8,3,2.0,0.03704916902786426,0.0724813401706359,0.6666666666666666,0.010290132803350205,0.532051282051282,0.026759036224514053,0.3966,-0.013247999278762005
comm_netabs_%OI|z4>=2.0,2020-22,13,3,2.0,0.02200138572384362,0.03188022113705369,1.0,0.0175371595730731,0.5384615384615384,0.004464226150770519,0.5918,-0.013247999278762005
comm_netabs_%OI|z4>=2.0,2020-22,26,3,2.0,0.08240306061011952,0.0832267322217155,1.0,0.03134070603275328,0.6025641025641025,0.05106235457736624,0.5212722015695993,-0.013247999278762005
comm_netabs_%OI|z4>=1.5,ALL,4,22,10.0,0.008293926475890657,0.014872307336382673,0.6363636363636364,0.01262554843983999,0.5970149253731343,-0.004331621963949333,0.661,-0.014234817922303395
comm_netabs_%OI|z4>=1.5,ALL,8,21,10.0,0.05311032239855023,0.05502883494444499,0.6666666666666666,0.026672622775896472,0.6102719033232629,0.026437699622653757,0.0856,-0.014931635212827084
comm_netabs_%OI|z4>=1.5,ALL,13,21,10.0,0.06892969514846042,0.052296726957058004,0.8095238095238095,0.045571562169968736,0.6779141104294478,0.023358132978491687,0.1058,-0.015829735419435505
comm_netabs_%OI|z4>=1.5,ALL,26,21,10.0,0.12118461603349429,0.10946342575442403,0.8095238095238095,0.09718082370740687,0.7635782747603834,0.024003792326087417,0.2116,-0.02195490112630461
comm_netabs_%OI|z4>=1.5,2023+,4,14,6.0,0.017239024649515926,0.022809362839218195,0.7142857142857143,0.01849698735368388,0.6424581005586593,-0.0012579627041679545,0.3204,-0.01092330334974656
comm_netabs_%OI|z4>=1.5,2023+,8,13,6.0,0.07328973116650284,0.06297788936706827,0.6923076923076923,0.04127644240856628,0.68,0.032013288757936555,0.0718,-0.007542240477063047
comm_netabs_%OI|z4>=1.5,2023+,13,13,6.0,0.10342332157799214,0.08320295472937356,0.9230769230769231,0.07129724925888474,0.8058823529411765,0.0321260723191074,0.076,-0.008913759180148216
comm_netabs_%OI|z4>=1.5,2023+,26,13,6.0,0.15297831763425832,0.21760324354437688,0.7692307692307693,0.16260157757521554,0.9235668789808917,-0.009623259940957224,0.2606,-0.018260872410814952
comm_netabs_%OI|z4>=1.5,2020-22,4,8,4.0,-0.007359995327953561,-0.0012972042432207176,0.5,0.00588844866049347,0.5448717948717948,-0.013248443988447031,0.7964,-0.020029968424277858
comm_netabs_%OI|z4>=1.5,2020-22,8,8,4.0,0.02031878315062724,0.027411483952065385,0.625,0.010290132803350205,0.532051282051282,0.010028650347277035,0.5314,-0.02693940165844365
comm_netabs_%OI|z4>=1.5,2020-22,13,8,4.0,0.012877552200471362,0.0169960374949496,0.625,0.0175371595730731,0.5384615384615384,-0.004659607372601737,0.7248,-0.02706819680827735
comm_netabs_%OI|z4>=1.5,2020-22,26,8,4.0,0.06951985093225285,0.0869551261500241,0.875,0.03134070603275328,0.6025641025641025,0.03817914489949957,0.589,-0.027957697788975305
comm_netabs_%OI|z1>=2.0,ALL,4,12,10.0,-0.008354745762568033,-0.009564630168502286,0.4166666666666667,0.01262554843983999,0.5970149253731343,-0.020980294202408024,0.9366,-0.028699597713299496
comm_netabs_%OI|z1>=2.0,ALL,8,10,10.0,0.04593065004426328,0.05329581432300856,0.7,0.026672622775896472,0.6102719033232629,0.019258027268366805,0.1546,-0.01993062955286886
comm_netabs_%OI|z1>=2.0,ALL,13,10,10.0,0.062302691658025745,0.04466900633812998,0.7,0.045571562169968736,0.6779141104294478,0.01673112948805701,0.2432,-0.03176889240951789
comm_netabs_%OI|z1>=2.0,ALL,26,9,10.0,0.11706706880838968,0.1293740041234288,0.8888888888888888,0.09718082370740687,0.7635782747603834,0.019886245100982816,0.3422,-0.021117249867984626
comm_netabs_%OI|z1>=2.0,2023+,4,7,5.0,-0.009536298640985565,-0.010862798217580405,0.42857142857142855,0.01849698735368388,0.6424581005586593,-0.028033285994669446,0.8888,-0.03188385171674857
comm_netabs_%OI|z1>=2.0,2023+,8,5,5.0,0.06691471274181346,0.04571128878290631,0.8,0.04127644240856628,0.68,0.025638270333247178,0.1298,-0.00796959615712769
comm_netabs_%OI|z1>=2.0,2023+,13,5,5.0,0.10615837675407953,0.07805065784260834,0.8,0.07129724925888474,0.8058823529411765,0.034861127495194794,0.1406,-0.03092948910708846
comm_netabs_%OI|z1>=2.0,2023+,26,4,5.0,0.18502796734622984,0.19563351738032453,1.0,0.16260157757521554,0.9235668789808917,0.0224263897710143,0.2012,-0.002863132420039022
comm_netabs_%OI|z1>=2.0,2020-22,4,5,5.0,-0.006700571732783489,-0.008266462119424167,0.4,0.00588844866049347,0.5448717948717948,-0.012589020393276959,0.8124,-0.024241642108470796
comm_netabs_%OI|z1>=2.0,2020-22,8,5,5.0,0.024946587346713088,0.06088033986311081,0.6,0.010290132803350205,0.532051282051282,0.014656454543362884,0.4956,-0.03189166294861003
comm_netabs_%OI|z1>=2.0,2020-22,13,5,5.0,0.018447006561971957,0.037041285719201955,0.6,0.0175371595730731,0.5384615384615384,0.0009098469888988575,0.682,-0.03260829571194732
comm_netabs_%OI|z1>=2.0,2020-22,26,5,5.0,0.06269834997811755,0.050911896903267806,0.8,0.03134070603275328,0.6025641025641025,0.031357643945364264,0.6156,-0.035720543826341114
comm_netabs_%OI|pct13>=0.1,ALL,4,85,10.0,0.00947384764388627,0.004962199238006226,0.5411764705882353,0.01262554843983999,0.5970149253731343,-0.00315170079595372,0.7088,-0.013266780595596968
comm_netabs_%OI|pct13>=0.1,ALL,8,82,10.0,0.03283314650254715,0.025104496740570803,0.6219512195121951,0.026672622775896472,0.6102719033232629,0.006160523726650678,0.3176,-0.021265654339868205
comm_netabs_%OI|pct13>=0.1,ALL,13,77,10.0,0.0682970130664018,0.06775564382720334,0.7142857142857143,0.045571562169968736,0.6779141104294478,0.022725450896433068,0.0484,-0.022206725365146958
comm_netabs_%OI|pct13>=0.1,ALL,26,75,10.0,0.1248416658352093,0.10410445576438909,0.7333333333333333,0.09718082370740687,0.7635782747603834,0.027660842127802426,0.1448,-0.028992799165974224
comm_netabs_%OI|pct13>=0.1,2023+,4,64,8.0,0.012564699792384582,0.00740980095757604,0.546875,0.01849698735368388,0.6424581005586593,-0.005932287561299298,0.5146,-0.011707689435198414
comm_netabs_%OI|pct13>=0.1,2023+,8,61,8.0,0.0459156521273059,0.03520667295685875,0.6721311475409836,0.04127644240856628,0.68,0.004639209718739622,0.09,-0.018564165867626947
comm_netabs_%OI|pct13>=0.1,2023+,13,56,8.0,0.09742870130972399,0.08514102747346708,0.8392857142857143,0.07129724925888474,0.8058823529411765,0.02613145205083925,0.0298,-0.013938479044118404
comm_netabs_%OI|pct13>=0.1,2023+,26,54,8.0,0.16792543022523018,0.14616078308968483,0.8148148148148148,0.16260157757521554,0.9235668789808917,0.005323852650014643,0.1042,-0.021426957690998977
comm_netabs_%OI|pct13>=0.1,2020-22,4,21,3.0,5.41077627485538e-05,0.004962199238006226,0.5238095238095238,0.00588844866049347,0.5448717948717948,-0.005834340897744916,0.7882,-0.01801829651300208
comm_netabs_%OI|pct13>=0.1,2020-22,8,21,3.0,-0.005168417455085424,-0.007334722069948563,0.47619047619047616,0.010290132803350205,0.532051282051282,-0.015458550258435629,0.8684,-0.029112835140188052
comm_netabs_%OI|pct13>=0.1,2020-22,13,21,3.0,-0.009387488915790644,-0.02961785578365317,0.38095238095238093,0.0175371595730731,0.5384615384615384,-0.026924648488863744,0.9388,-0.044255382221223105
comm_netabs_%OI|pct13>=0.1,2020-22,26,21,3.0,0.014054843118012719,0.018962664067281754,0.5238095238095238,0.03134070603275328,0.6025641025641025,-0.017285862914740564,0.8588,-0.048447820101624864
comm_netabs_%OI|pct13>=0.15,ALL,4,61,10.0,0.004009433702610086,-0.00017935027325233222,0.47540983606557374,0.01262554843983999,0.5970149253731343,-0.008616114737229903,0.8568,-0.017020959147889394
comm_netabs_%OI|pct13>=0.15,ALL,8,58,10.0,0.02176166737379485,0.021258458382861445,0.5862068965517241,0.026672622775896472,0.6102719033232629,-0.004910955402101621,0.6684,-0.02656622258527467
comm_netabs_%OI|pct13>=0.15,ALL,13,53,10.0,0.06576295445903038,0.06775564382720334,0.7169811320754716,0.045571562169968736,0.6779141104294478,0.020191392289061645,0.0616,-0.02351542991535321
comm_netabs_%OI|pct13>=0.15,ALL,26,52,10.0,0.1120299232144421,0.0911869443568285,0.7307692307692307,0.09718082370740687,0.7635782747603834,0.014849099507035238,0.3446,-0.03005087919119603
comm_netabs_%OI|pct13>=0.15,2023+,4,47,8.0,0.0037170542561717527,-0.00045543210194798345,0.44680851063829785,0.01849698735368388,0.6424581005586593,-0.014779933097512127,0.805,-0.016659931065703563
comm_netabs_%OI|pct13>=0.15,2023+,8,44,8.0,0.028998678524303014,0.024842454745780618,0.6136363636363636,0.04127644240856628,0.68,-0.012277763884263267,0.4652,-0.02544463612544965
comm_netabs_%OI|pct13>=0.15,2023+,13,39,8.0,0.08791694991774611,0.08078528896297055,0.7948717948717948,0.07129724925888474,0.8058823529411765,0.01661970065886137,0.043,-0.018710344962486712
comm_netabs_%OI|pct13>=0.15,2023+,26,38,8.0,0.1430090007145513,0.13040387464750203,0.7894736842105263,0.16260157757521554,0.9235668789808917,-0.019592576860664235,0.1882,-0.026964967797441515
comm_netabs_%OI|pct13>=0.15,2020-22,4,14,3.0,0.0049909932727959195,0.019321990571632086,0.5714285714285714,0.00588844866049347,0.5448717948717948,-0.0008974553876975504,0.651,-0.01823298199522754
comm_netabs_%OI|pct13>=0.15,2020-22,8,14,3.0,-0.0009832248135165367,-0.0012225660822929307,0.5,0.010290132803350205,0.532051282051282,-0.011273357616866741,0.8118,-0.0300912086018676
comm_netabs_%OI|pct13>=0.15,2020-22,13,14,3.0,0.004048252824036568,-0.0009564429786391715,0.5,0.0175371595730731,0.5384615384615384,-0.013488906749036533,0.8078,-0.036901023712624194
comm_netabs_%OI|pct13>=0.15,2020-22,26,14,3.0,0.027943855714145798,0.04041925404004021,0.5714285714285714,0.03134070603275328,0.6025641025641025,-0.003396850318607484,0.8224,-0.03842692440281543
comm_netabs_%OI|pct26>=0.15,ALL,4,63,11.0,0.0017044228867767728,-0.002693106856831551,0.4444444444444444,0.01262554843983999,0.5970149253731343,-0.010921125553063217,0.9548,-0.016765605552684554
comm_netabs_%OI|pct26>=0.15,ALL,8,60,11.0,0.0133319759576347,-0.0032060947725146005,0.48333333333333334,0.026672622775896472,0.6102719033232629,-0.013340646818261772,0.8412,-0.02908208158445258
comm_netabs_%OI|pct26>=0.15,ALL,13,55,11.0,0.05038652474203752,0.05407569636572562,0.6545454545454545,0.045571562169968736,0.6779141104294478,0.00481496257206878,0.4164,-0.029809950794192876
comm_netabs_%OI|pct26>=0.15,ALL,26,54,11.0,0.09980510717670088,0.0599531135078375,0.7037037037037037,0.09718082370740687,0.7635782747603834,0.0026242834692940115,0.479,-0.033053904155732935
comm_netabs_%OI|pct26>=0.15,2023+,4,46,9.0,0.0038130219848325404,-0.0014055021055539019,0.4782608695652174,0.01849698735368388,0.6424581005586593,-0.01468396536885134,0.8196,-0.015014119111049287
comm_netabs_%OI|pct26>=0.15,2023+,8,43,9.0,0.0285194165285313,0.018559624504962624,0.5581395348837209,0.04127644240856628,0.68,-0.01275702588003498,0.4382,-0.024589763196404893
comm_netabs_%OI|pct26>=0.15,2023+,13,38,9.0,0.07613352692364388,0.07687525464671974,0.7631578947368421,0.07129724925888474,0.8058823529411765,0.0048362776647591366,0.1214,-0.018240841611956948
comm_netabs_%OI|pct26>=0.15,2023+,26,37,9.0,0.1408651120487358,0.12992478741459967,0.8108108108108109,0.16260157757521554,0.9235668789808917,-0.02173646552647973,0.1584,-0.022662581404954984
comm_netabs_%OI|pct26>=0.15,2020-22,4,17,3.0,-0.00400119820208001,-0.013105943702442335,0.35294117647058826,0.00588844866049347,0.5448717948717948,-0.00988964686257348,0.8126,-0.021504921806521155
comm_netabs_%OI|pct26>=0.15,2020-22,8,17,3.0,-0.025083314898162592,-0.029980590784610794,0.29411764705882354,0.010290132803350205,0.532051282051282,-0.035373447701512795,0.9282,-0.04044500456598496
comm_netabs_%OI|pct26>=0.15,2020-22,13,17,3.0,-0.0071655977815531565,-0.027893743331600662,0.4117647058823529,0.0175371595730731,0.5384615384615384,-0.024702757354626258,0.8136,-0.055670312495661414
comm_netabs_%OI|pct26>=0.15,2020-22,26,17,3.0,0.010439214219919028,-0.00883101250239382,0.47058823529411764,0.03134070603275328,0.6025641025641025,-0.020901491812834253,0.841,-0.055670312495661414
noncomm_net|z4>=2.0,ALL,4,8,5.0,-0.015986333245637155,-0.02136507768006407,0.375,0.01262554843983999,0.5970149253731343,-0.028611881685477146,0.9462,-0.023969370868914763
noncomm_net|z4>=2.0,ALL,8,8,5.0,-0.022527843803883507,-0.033120902232989635,0.125,0.026672622775896472,0.6102719033232629,-0.04920046657977998,0.9608,-0.03247053331203359
noncomm_net|z4>=2.0,ALL,13,8,5.0,-0.020817484663020427,-0.03517283202310273,0.25,0.045571562169968736,0.6779141104294478,-0.06638904683298916,0.9754,-0.046367041764034195
noncomm_net|z4>=2.0,ALL,26,8,5.0,-0.03550002354855261,-0.06014458564054803,0.25,0.09718082370740687,0.7635782747603834,-0.13268084725595947,1.0,-0.06983766813485676
noncomm_net|z4>=2.0,2023+,4,3,2.0,0.016188418680083805,0.010226412986630518,1.0,0.01849698735368388,0.6424581005586593,-0.0023085686736000754,0.4518,0.005419294014767225
noncomm_net|z4>=2.0,2023+,8,3,2.0,0.004588823509899383,-0.011521217014232699,0.3333333333333333,0.04127644240856628,0.68,-0.036687618898666896,0.6812,-0.006692259208096722
noncomm_net|z4>=2.0,2023+,13,3,2.0,-0.009784557945021052,-0.025510178175189524,0.3333333333333333,0.07129724925888474,0.8058823529411765,-0.08108180720390579,0.8026,-0.017298493975118068
noncomm_net|z4>=2.0,2023+,26,3,2.0,0.022970347749725766,-0.06127215765127636,0.3333333333333333,0.16260157757521554,0.9235668789808917,-0.13963122982548978,0.7264,-0.042352751499568374
noncomm_net|z4>=2.0,2020-22,4,5,3.0,-0.03529118440106973,-0.025854689277780785,0.0,0.00588844866049347,0.5448717948717948,-0.0411796330615632,0.9706,-0.041602569799123953
noncomm_net|z4>=2.0,2020-22,8,5,3.0,-0.03879784419215324,-0.03722318681653414,0.0,0.010290132803350205,0.532051282051282,-0.04908797699550345,0.9704,-0.04793749777439571
noncomm_net|z4>=2.0,2020-22,13,5,3.0,-0.02743724069382005,-0.044835485871015934,0.2,0.0175371595730731,0.5384615384615384,-0.04497440026689315,0.9392,-0.06380817043738388
noncomm_net|z4>=2.0,2020-22,26,5,3.0,-0.07058224632751964,-0.0590170136298197,0.2,0.03134070603275328,0.6025641025641025,-0.10192295236027292,1.0,-0.08632861811602979
noncomm_net|z4>=1.5,ALL,4,22,12.0,0.015764440846749148,0.00740980095757604,0.5909090909090909,0.01262554843983999,0.5970149253731343,0.003138892406909158,0.3818,-0.010519316118522764
noncomm_net|z4>=1.5,ALL,8,22,12.0,0.030821275288869146,0.026001879947813666,0.5909090909090909,0.026672622775896472,0.6102719033232629,0.004148652512972674,0.3934,-0.014049204234752144
noncomm_net|z4>=1.5,ALL,13,22,12.0,0.04504063935571486,0.025795929259583072,0.5909090909090909,0.045571562169968736,0.6779141104294478,-0.0005309228142538758,0.5086,-0.01924062834806289
noncomm_net|z4>=1.5,ALL,26,22,12.0,0.08451332065329348,0.09634507898806977,0.6818181818181818,0.09718082370740687,0.7635782747603834,-0.012667503054113391,0.5874,-0.028098856475888532
noncomm_net|z4>=1.5,2023+,4,10,6.0,0.05391173852230552,0.0367245725908254,0.9,0.01849698735368388,0.6424581005586593,0.03541475116862164,0.0102,0.006081454356816995
noncomm_net|z4>=1.5,2023+,8,10,6.0,0.06420443412678098,0.08416996039831004,0.8,0.04127644240856628,0.68,0.022927991718214698,0.1118,0.0024479883899578116
noncomm_net|z4>=1.5,2023+,13,10,6.0,0.10487910192467331,0.1199098297920067,0.8,0.07129724925888474,0.8058823529411765,0.03358185266578857,0.0938,-0.0007338820401485924
noncomm_net|z4>=1.5,2023+,26,10,6.0,0.17548507120723592,0.19046950847163135,0.8,0.16260157757521554,0.9235668789808917,0.012883493632020376,0.1062,-0.008250159297483683
noncomm_net|z4>=1.5,2020-22,4,12,6.0,-0.016024973882881165,-0.0183659741842499,0.3333333333333333,0.00588844866049347,0.5448717948717948,-0.021913422543374635,0.9484,-0.02435329151463923
noncomm_net|z4>=1.5,2020-22,8,12,6.0,0.0030019762572759587,-0.020950369168577232,0.4166666666666667,0.010290132803350205,0.532051282051282,-0.007288156546074245,0.761,-0.027796864755343775
noncomm_net|z4>=1.5,2020-22,13,12,6.0,-0.004824746118417174,-0.0028357423919098124,0.4166666666666667,0.0175371595730731,0.5384615384615384,-0.022361905691490273,0.8508,-0.03466291693799147
noncomm_net|z4>=1.5,2020-22,26,12,6.0,0.008703528525008108,0.009076313412341719,0.5833333333333334,0.03134070603275328,0.6025641025641025,-0.022637177507745174,0.8548,-0.04463943745789257
noncomm_net|z1>=2.0,ALL,4,8,8.0,0.015647471856497855,0.004000853091876089,0.5,0.01262554843983999,0.5970149253731343,0.0030219234166578655,0.418,-0.014088225882864694
noncomm_net|z1>=2.0,ALL,8,8,8.0,0.05229705977010063,0.0586974970528058,0.875,0.026672622775896472,0.6102719033232629,0.025624436994204157,0.1872,-0.014088225882864694
noncomm_net|z1>=2.0,ALL,13,8,8.0,0.07748245458103825,0.05250304893445146,0.75,0.045571562169968736,0.6779141104294478,0.031910892411069515,0.2298,-0.015514789003724591
noncomm_net|z1>=2.0,ALL,26,8,8.0,0.1900967590949689,0.16542727509496258,0.75,0.09718082370740687,0.7635782747603834,0.09291593538756203,0.0594,-0.019120491735382356
noncomm_net|z1>=2.0,2023+,4,5,5.0,0.030623269395943797,0.008173345337672222,0.6,0.01849698735368388,0.6424581005586593,0.012126282042259916,0.1966,-0.008254702717309437
noncomm_net|z1>=2.0,2023+,8,5,5.0,0.05945922189152655,0.056514654242500795,1.0,0.04127644240856628,0.68,0.018182779482960265,0.1738,-0.008254702717309437
noncomm_net|z1>=2.0,2023+,13,5,5.0,0.09388213998476287,0.05270937091184491,0.8,0.07129724925888474,0.8058823529411765,0.02258489072587813,0.1606,-0.010537203710685273
noncomm_net|z1>=2.0,2023+,26,5,5.0,0.24705251803667627,0.20684032510475037,0.8,0.16260157757521554,0.9235668789808917,0.08445094046146073,0.0112,-0.016306328081337695
noncomm_net|z1>=2.0,2020-22,4,3,3.0,-0.009312190709245383,-0.008266462119424167,0.3333333333333333,0.00588844866049347,0.5448717948717948,-0.015200639369738853,0.7816,-0.023810764492123455
noncomm_net|z1>=2.0,2020-22,8,3,3.0,0.04036012290105743,0.06088033986311081,0.6666666666666666,0.010290132803350205,0.532051282051282,0.030069990097707222,0.3672,-0.023810764492123455
noncomm_net|z1>=2.0,2020-22,13,3,3.0,0.05014964557483056,0.052296726957058004,0.6666666666666666,0.0175371595730731,0.5384615384615384,0.03261248600175746,0.4486,-0.023810764492123455
noncomm_net|z1>=2.0,2020-22,26,3,3.0,0.09517049419212331,0.1293740041234288,0.6666666666666666,0.03134070603275328,0.6025641025641025,0.06382978815937003,0.5172,-0.023810764492123455
noncomm_net|pct13>=0.1,ALL,4,85,16.0,0.014845199239699175,0.009528199171093377,0.5764705882352941,0.01262554843983999,0.5970149253731343,0.002219650799859186,0.3442,-0.010447006530280998
noncomm_net|pct13>=0.1,ALL,8,85,16.0,0.0240150968883451,0.017729187042174743,0.5764705882352941,0.026672622775896472,0.6102719033232629,-0.0026575258875513735,0.5542,-0.01822828720624258
noncomm_net|pct13>=0.1,ALL,13,85,16.0,0.04177963419135924,0.031763729710107436,0.6705882352941176,0.045571562169968736,0.6779141104294478,-0.0037919279786094995,0.5658,-0.024122136026049044
noncomm_net|pct13>=0.1,ALL,26,83,16.0,0.09836098039273505,0.12349212938603893,0.7349397590361446,0.09718082370740687,0.7635782747603834,0.0011801566853281847,0.4874,-0.03377929733797928
noncomm_net|pct13>=0.1,2023+,4,59,10.0,0.02335675587906541,0.011204907740901104,0.6271186440677966,0.01849698735368388,0.6424581005586593,0.00485976852538153,0.1754,-0.006693758750539601
noncomm_net|pct13>=0.1,2023+,8,59,10.0,0.03772102766337297,0.02572761723080097,0.6440677966101694,0.04127644240856628,0.68,-0.0035554147451933096,0.283,-0.012958452934491507
noncomm_net|pct13>=0.1,2023+,13,59,10.0,0.06318916559757246,0.04417575388678552,0.7966101694915254,0.07129724925888474,0.8058823529411765,-0.008108083661312285,0.3056,-0.017404921785651565
noncomm_net|pct13>=0.1,2023+,26,57,10.0,0.14954739009698836,0.15298635528132198,0.8596491228070176,0.16260157757521554,0.9235668789808917,-0.013054187478227175,0.2878,-0.022433746338877153
noncomm_net|pct13>=0.1,2020-22,4,26,7.0,-0.004469486980401125,-0.013661258793409903,0.46153846153846156,0.00588844866049347,0.5448717948717948,-0.010357935640894595,0.8768,-0.018963991876617244
noncomm_net|pct13>=0.1,2020-22,8,26,7.0,-0.007086822947295064,-0.019833139327792182,0.4230769230769231,0.010290132803350205,0.532051282051282,-0.017376955750645268,0.885,-0.030186757284446943
noncomm_net|pct13>=0.1,2020-22,13,26,7.0,-0.0068035332304323,-0.012089852460646033,0.38461538461538464,0.0175371595730731,0.5384615384615384,-0.024340692803505398,0.8872,-0.03936504526387411
noncomm_net|pct13>=0.1,2020-22,26,26,7.0,-0.01385537934351262,-0.02066307751333679,0.46153846153846156,0.03134070603275328,0.6025641025641025,-0.045196085376265904,0.9344,-0.0586522360667801
noncomm_net|pct13>=0.15,ALL,4,67,12.0,0.016183907585771876,0.010226412986630518,0.582089552238806,0.01262554843983999,0.5970149253731343,0.003558359145931887,0.345,-0.00914442455868234
noncomm_net|pct13>=0.15,ALL,8,67,12.0,0.021390238364018422,0.017729187042174743,0.5522388059701493,0.026672622775896472,0.6102719033232629,-0.00528238441187805,0.6046,-0.016896447325850356
noncomm_net|pct13>=0.15,ALL,13,67,12.0,0.04395964810137394,0.03188022113705369,0.7014925373134329,0.045571562169968736,0.6779141104294478,-0.0016119140685947955,0.549,-0.02222506308484556
noncomm_net|pct13>=0.15,ALL,26,66,12.0,0.0985236277671343,0.1269672297215262,0.7424242424242424,0.09718082370740687,0.7635782747603834,0.0013428040597274343,0.4916,-0.03205240767898579
noncomm_net|pct13>=0.15,2023+,4,49,9.0,0.02169235234506764,0.010226412986630518,0.6122448979591837,0.01849698735368388,0.6424581005586593,0.003195364991383759,0.2192,-0.0056499816493084856
noncomm_net|pct13>=0.15,2023+,8,49,9.0,0.03048776425665241,0.020877431094702414,0.6122448979591837,0.04127644240856628,0.68,-0.01078867815191387,0.3952,-0.012604134166133277
noncomm_net|pct13>=0.15,2023+,13,49,9.0,0.05918719019589155,0.043811091033125305,0.7959183673469388,0.07129724925888474,0.8058823529411765,-0.012110059062993193,0.3712,-0.016910993165497202
noncomm_net|pct13>=0.15,2023+,26,48,9.0,0.14008316614220648,0.15407081801566358,0.8541666666666666,0.16260157757521554,0.9235668789808917,-0.02251841143300906,0.3482,-0.023111541878289472
noncomm_net|pct13>=0.15,2020-22,4,18,4.0,0.0011886968521334024,0.0008206693321617387,0.5,0.00588844866049347,0.5448717948717948,-0.0046997518083600675,0.6974,-0.018657074700866718
noncomm_net|pct13>=0.15,2020-22,8,18,4.0,-0.003375248788151893,-0.02587887054931165,0.3888888888888889,0.010290132803350205,0.532051282051282,-0.013665381591502098,0.8234,-0.028581077593969075
noncomm_net|pct13>=0.15,2020-22,13,18,4.0,0.002506894621853822,-0.010779515587102162,0.4444444444444444,0.0175371595730731,0.5384615384615384,-0.015030264951219278,0.8254,-0.03669114230973833
noncomm_net|pct13>=0.15,2020-22,26,18,4.0,-0.012301807899724761,-0.02370717361527358,0.4444444444444444,0.03134070603275328,0.6025641025641025,-0.04364251393247805,0.8958,-0.05589471648084264
noncomm_net|pct26>=0.15,ALL,4,72,8.0,0.015858655530741488,0.008125501823045611,0.5833333333333334,0.01262554843983999,0.5970149253731343,0.003233107090901499,0.384,-0.0076020415994635816
noncomm_net|pct26>=0.15,ALL,8,72,8.0,0.02218091106753399,0.015606738921695618,0.5694444444444444,0.026672622775896472,0.6102719033232629,-0.004491711708362482,0.5532,-0.015948779500554774
noncomm_net|pct26>=0.15,ALL,13,72,8.0,0.045123546674857865,0.04399342245995541,0.7083333333333334,0.045571562169968736,0.6779141104294478,-0.00044801549511087196,0.4896,-0.020684879076599726
noncomm_net|pct26>=0.15,ALL,26,72,8.0,0.08870983156793336,0.12861627819410593,0.7777777777777778,0.09718082370740687,0.7635782747603834,-0.008470992139473513,0.5434,-0.031530154152690545
noncomm_net|pct26>=0.15,2023+,4,57,5.0,0.019369166979567698,0.008173345337672222,0.6140350877192983,0.01849698735368388,0.6424581005586593,0.0008721796258838177,0.2922,-0.005494690317646506
noncomm_net|pct26>=0.15,2023+,8,57,5.0,0.03092547703336234,0.020877431094702414,0.631578947368421,0.04127644240856628,0.68,-0.010350965375203941,0.4266,-0.012143730812250763
noncomm_net|pct26>=0.15,2023+,13,57,5.0,0.05774159234446,0.05407569636572562,0.7894736842105263,0.07129724925888474,0.8058823529411765,-0.013555656914424744,0.4038,-0.014649873422445609
noncomm_net|pct26>=0.15,2023+,26,57,5.0,0.12102023600680119,0.1392232792966066,0.8596491228070176,0.16260157757521554,0.9235668789808917,-0.04158134156841435,0.472,-0.0207287568729763
noncomm_net|pct26>=0.15,2020-22,4,15,4.0,0.002518712025201886,-0.012941693404998844,0.4666666666666667,0.00588844866049347,0.5448717948717948,-0.003369736635291584,0.677,-0.015609976470368466
noncomm_net|pct26>=0.15,2020-22,8,15,4.0,-0.011048439602613761,-0.02440919462242619,0.3333333333333333,0.010290132803350205,0.532051282051282,-0.021338572405963964,0.8736,-0.030407964516110022
noncomm_net|pct26>=0.15,2020-22,13,15,4.0,-0.0028250268696302207,-0.018678670726863467,0.4,0.0175371595730731,0.5384615384615384,-0.02036218644270332,0.8278,-0.04361790056238537
noncomm_net|pct26>=0.15,2020-22,26,15,4.0,-0.034069705299764406,-0.028261860702121333,0.4666666666666667,0.03134070603275328,0.6025641025641025,-0.06541041133251768,0.96,-0.0725754638156047
